"time","ca_cyto.con","ca_nsr.con"
0,0.0001206,1.068
1.001001001001001e-05,0.0001203842358303541,1.068008370161755
2.002002002002002e-05,0.0001201687931881739,1.068016727850462
3.003003003003003e-05,0.0001199536718103625,1.068025073076328
4.004004004004004e-05,0.0001197388713702037,1.068033405852025
5.005005005005005e-05,0.0001195243916061301,1.068041726187702
6.006006006006006e-05,0.0001193102318566048,1.068050034109022
7.007007007007008e-05,0.0001190963923335404,1.068058329607763
8.008008008008008e-05,0.0001188828727441684,1.068066612695284
9.009009009009009e-05,0.0001186696724482459,1.068074883396421
0.0001001001001001001,0.0001184567918606964,1.068083141695078
0.0001101101101101101,0.0001182442301237939,1.068091387624528
0.0001201201201201201,0.0001180319868256251,1.068099621200752
0.0001301301301301301,0.0001178200623725876,1.068107842407984
0.0001401401401401402,0.0001176084556005559,1.068116051291383
0.0001501501501501501,0.0001173971667844281,1.068124247840286
0.0001601601601601602,0.0001171861959207468,1.068132432054828
0.0001701701701701702,0.0001169755417168492,1.068140603985153
0.0001801801801801802,0.0001167652048159553,1.06814876360631
0.0001901901901901902,0.0001165551849112337,1.068156910930202
0.0002002002002002002,0.0001163454812266613,1.068165045986933
0.0002102102102102102,0.0001161360937760095,1.068173168775969
0.0002202202202202202,0.0001159270223000471,1.068181279307365
0.0002302302302302302,0.0001157182665395426,1.06818937759118
0.0002402402402402402,0.0001155098262352647,1.068197463637468
0.0002502502502502502,0.0001153017008009519,1.068205537468973
0.0002602602602602603,0.0001150938900804391,1.068213599091754
0.0002702702702702703,0.0001148863938003553,1.068221648516414
0.0002802802802802803,0.0001146792116647012,1.068229685754437
0.0002902902902902902,0.0001144723433774778,1.068237710817305
0.0003003003003003003,0.0001142657885873255,1.068245723718649
0.0003103103103103103,0.0001140595469351352,1.068253724472399
0.0003203203203203203,0.0001138536181664697,1.068261713088427
0.0003303303303303304,0.0001136480019742087,1.068269689578645
0.0003403403403403403,0.0001134426980512321,1.06827765395497
0.0003503503503503504,0.0001132377060904198,1.068285606229313
0.0003603603603603604,0.0001130330258378519,1.068293546411527
0.0003703703703703704,0.0001128286569620193,1.06830147451447
0.0003803803803803804,0.0001126245991588579,1.068309390549939
0.0003903903903903904,0.0001124208521255287,1.068317294529682
0.0004004004004004004,0.0001122174155591927,1.068325186465447
0.0004104104104104105,0.0001120142891976811,1.068333066367404
0.0004204204204204204,0.0001118114727712801,1.068340934246016
0.0004304304304304304,0.0001116089659532642,1.068348790113958
0.0004404404404404404,0.000111406768447954,1.0683566339827
0.0004504504504504505,0.0001112048799596698,1.068364465863713
0.0004604604604604605,0.0001110033001932035,1.068372285768448
0.0004704704704704705,0.0001108020288763995,1.068380093707464
0.0004804804804804805,0.0001106010657052589,1.068387889692553
0.0004904904904904905,0.0001104004103882846,1.068395673735023
0.0005005005005005005,0.0001102000626344093,1.068403445846167
0.0005105105105105105,0.000110000022152995,1.068411206037258
0.0005205205205205206,0.0001098002886297206,1.06841895432049
0.0005305305305305305,0.0001096008617564041,1.068426690707819
0.0005405405405405405,0.0001094017412493703,1.068434415210248
0.0005505505505505506,0.0001092029268105886,1.068442127839341
0.0005605605605605606,0.0001090044181415706,1.068449828606675
0.0005705705705705707,0.0001088062149423149,1.068457517523889
0.0005805805805805805,0.0001086083168975853,1.068465194603212
0.0005905905905905905,0.0001084107237131026,1.06847285985606
0.0006006006006006006,0.0001082134350855551,1.068480513294199
0.0006106106106106106,0.0001080164507108675,1.068488154929426
0.0006206206206206207,0.0001078197702842007,1.068495784773566
0.0006306306306306306,0.0001076233935220753,1.068503402837615
0.0006406406406406406,0.0001074273201299918,1.068511009132999
0.0006506506506506507,0.0001072315497974287,1.068518603671764
0.0006606606606606607,0.0001070360822240019,1.068526186465563
0.0006706706706706707,0.0001068409171092916,1.068533757526049
0.0006806806806806807,0.0001066460541528422,1.068541316864878
0.0006906906906906907,0.0001064514930541621,1.068548864493708
0.0007007007007007008,0.000106257233512724,1.068556400424197
0.0007107107107107107,0.0001060632752279649,1.068563924668003
0.0007207207207207207,0.0001058696178992856,1.06857143723679
0.0007307307307307307,0.0001056762612260515,1.068578938142219
0.0007407407407407407,0.0001054832048740102,1.068586427397257
0.0007507507507507507,0.0001052904485422619,1.068593905013576
0.0007607607607607608,0.0001050979919403117,1.068601371002446
0.0007707707707707708,0.0001049058347634596,1.068608825375688
0.0007807807807807808,0.0001047139767066991,1.068616268145133
0.0007907907907907908,0.0001045224174647167,1.068623699322625
0.0008008008008008008,0.0001043311567318924,1.068631118920021
0.0008108108108108109,0.0001041401942022995,1.068638526949188
0.0008208208208208209,0.0001039495295697045,1.068645923422006
0.0008308308308308308,0.0001037591625275671,1.068653308350366
0.0008408408408408408,0.0001035690928192287,1.068660681744225
0.0008508508508508508,0.0001033793201195918,1.068668043616196
0.0008608608608608609,0.0001031898441153986,1.068675393978429
0.0008708708708708709,0.0001030006645027989,1.068682732842712
0.0008808808808808808,0.0001028117809778724,1.068690060220836
0.0008908908908908909,0.000102623193236629,1.068697376124593
0.0009009009009009009,0.0001024349009750084,1.068704680565778
0.000910910910910911,0.0001022469038888805,1.06871197355619
0.000920920920920921,0.0001020592016740453,1.068719255107629
0.0009309309309309309,0.0001018717940262328,1.068726525231899
0.000940940940940941,0.0001016846806255874,1.068733783941408
0.000950950950950951,0.0001014978611769157,1.068741031247608
0.0009609609609609609,0.0001013113353753066,1.068748267162328
0.000970970970970971,0.0001011251029152535,1.068755491697418
0.0009809809809809809,0.0001009391634911256,1.068762704864734
0.0009909909909909911,0.0001007535167971671,1.06876990667614
0.001001001001001001,0.000100568162527498,1.068777097143499
0.001011011011011011,0.0001003831003761134,1.068784276278684
0.001021021021021021,0.0001001983300368841,1.068791444093569
0.001031031031031031,0.000100013851203574,1.068798600600035
0.001041041041041041,9.982966356995666e-05,1.068805745809962
0.001051051051051051,9.964576682942625e-05,1.068812879735242
0.001061061061061061,9.946216067536551e-05,1.068820002387772
0.001071071071071071,9.927884480103327e-05,1.06882711377945
0.001081081081081081,9.909581889956437e-05,1.068834213922181
0.001091091091091091,9.891308266396976e-05,1.068841302827874
0.001101101101101101,9.873063578713644e-05,1.068848380508442
0.001111111111111111,9.854847796182744e-05,1.068855446975805
0.001121121121121121,9.836660888068184e-05,1.068862502241885
0.001131131131131131,9.818502823585778e-05,1.068869546318626
0.001141141141141141,9.800373571878382e-05,1.068876579217997
0.001151151151151151,9.782273102246377e-05,1.068883600951907
0.001161161161161161,9.764201383895206e-05,1.068890611532303
0.001171171171171171,9.746158386017385e-05,1.068897610971137
0.001181181181181181,9.728144077792496e-05,1.068904599280364
0.001191191191191191,9.710158428387185e-05,1.068911576471945
0.001201201201201201,9.692201406955172e-05,1.068918542557846
0.001211211211211211,9.674272982637245e-05,1.06892549755004
0.001221221221221221,9.656373124561257e-05,1.068932441460503
0.001231231231231231,9.638501801842137e-05,1.068939374301214
0.001241241241241241,9.62065898358187e-05,1.068946296084161
0.001251251251251251,9.602844638869522e-05,1.068953206821336
0.001261261261261261,9.585058736781217e-05,1.068960106524733
0.001271271271271271,9.567301246380156e-05,1.068966995206356
0.001281281281281281,9.549572136716608e-05,1.06897387287821
0.001291291291291291,9.5318713768279e-05,1.068980739552306
0.001301301301301301,9.514198935738439e-05,1.068987595240661
0.001311311311311311,9.496554782459695e-05,1.068994439955297
0.001321321321321321,9.478938885990207e-05,1.069001273708239
0.001331331331331331,9.461351216838958e-05,1.069008096510929
0.001341341341341341,9.443791744099813e-05,1.069014908375355
0.001351351351351351,9.426260435741605e-05,1.069021709313943
0.001361361361361361,9.408757260775465e-05,1.069028499338716
0.001371371371371372,9.391282188202254e-05,1.069035278461699
0.001381381381381381,9.373835187012554e-05,1.06904204669492
0.001391391391391392,9.356416226186668e-05,1.069048804050414
0.001401401401401402,9.339025274694627e-05,1.069055550540219
0.001411411411411411,9.32166230149618e-05,1.069062286176375
0.001421421421421421,9.304327275540805e-05,1.069069010970928
0.001431431431431431,9.287020165767696e-05,1.069075724935928
0.001441441441441441,9.269740941105781e-05,1.069082428083427
0.001451451451451451,9.252489570473698e-05,1.069089120425484
0.001461461461461461,9.235266022779821e-05,1.06909580197416
0.001471471471471471,9.21807026692224e-05,1.06910247274152
0.001481481481481481,9.20090227178877e-05,1.069109132739634
0.001491491491491492,9.183762006256948e-05,1.069115781980574
0.001501501501501501,9.166649439194039e-05,1.069122420476419
0.001511511511511511,9.149564539457027e-05,1.069129048239249
0.001521521521521522,9.132507275892617e-05,1.069135665281151
0.001531531531531532,9.115477620128849e-05,1.06914227161313
0.001541541541541542,9.098475539216732e-05,1.069148867247968
0.001551551551551552,9.081501001627262e-05,1.069155452197896
0.001561561561561562,9.064553976221052e-05,1.069162026474995
0.001571571571571572,9.047634431850304e-05,1.069168590091347
0.001581581581581582,9.030742337358806e-05,1.069175143059039
0.001591591591591592,9.013877661581947e-05,1.069181685390161
0.001601601601601602,8.997040373346704e-05,1.069188217096805
0.001611611611611612,8.980230441471637e-05,1.069194738191068
0.001621621621621622,8.963447834766907e-05,1.06920124868505
0.001631631631631632,8.946692522034259e-05,1.069207748590853
0.001641641641641642,8.929964472067038e-05,1.069214237920583
0.001651651651651652,8.91326365365017e-05,1.06922071668635
0.001661661661661662,8.896590035560177e-05,1.069227184900265
0.001671671671671672,8.879943586565175e-05,1.069233642574446
0.001681681681681682,8.863324275424862e-05,1.06924008972101
0.001691691691691692,8.846732070890537e-05,1.069246526352081
0.001701701701701702,8.830166941705088e-05,1.069252952479784
0.001711711711711712,8.813628856602986e-05,1.069259368116247
0.001721721721721722,8.797117785164777e-05,1.069265773273272
0.001731731731731732,8.780633700176827e-05,1.069272167961415
0.001741741741741742,8.764176566473021e-05,1.069278552194319
0.001751751751751752,8.747746352837865e-05,1.069284925984092
0.001761761761761762,8.731343028050142e-05,1.069291289342848
0.001771771771771772,8.7149665608829e-05,1.069297642282699
0.001781781781781782,8.698616920103464e-05,1.069303984815761
0.001791791791791792,8.682294074473423e-05,1.069310316954153
0.001801801801801802,8.665997992748647e-05,1.069316638709996
0.001811811811811812,8.649728643679274e-05,1.069322950095412
0.001821821821821822,8.633485996009706e-05,1.069329251122527
0.001831831831831832,8.617270018478628e-05,1.069335541803467
0.001841841841841842,8.601080679818989e-05,1.069341822150362
0.001851851851851852,8.584917948758014e-05,1.069348092175344
0.001861861861861862,8.568781794017193e-05,1.069354351890547
0.001871871871871872,8.552672184312295e-05,1.069360601308106
0.001881881881881882,8.536589088353355e-05,1.06936684044016
0.001891891891891892,8.520532474844684e-05,1.06937306929885
0.001901901901901902,8.50450231248486e-05,1.069379287896319
0.001911911911911912,8.488498569966734e-05,1.069385496244711
0.001921921921921922,8.472521218428062e-05,1.069391694355223
0.001931931931931932,8.456570227656248e-05,1.069397882239576
0.001941941941941942,8.440645563829556e-05,1.069404059910889
0.001951951951951952,8.424747195701331e-05,1.069410227381285
0.001961961961961962,8.408875092021849e-05,1.069416384662886
0.001971971971971972,8.393029221538301e-05,1.069422531767816
0.001981981981981982,8.377209552994792e-05,1.069428668708201
0.001991991991991992,8.361416055132353e-05,1.069434795496166
0.002002002002002002,8.345648696688925e-05,1.06944091214384
0.002012012012012012,8.329907446399377e-05,1.06944701866335
0.002022022022022022,8.314192272995487e-05,1.069453115066827
0.002032032032032032,8.298503145205958e-05,1.069459201366401
0.002042042042042042,8.282840031756411e-05,1.069465277574207
0.002052052052052052,8.267202901369377e-05,1.069471343702375
0.002062062062062062,8.251591722764318e-05,1.069477399763042
0.002072072072072072,8.236006464657606e-05,1.069483445768344
0.002082082082082082,8.220447095762532e-05,1.069489481730416
0.002092092092092092,8.204913584789312e-05,1.069495507661399
0.002102102102102102,8.189405900445068e-05,1.06950152357343
0.002112112112112112,8.173924011433855e-05,1.069507529478651
0.002122122122122122,8.158467890179487e-05,1.06951352538776
0.002132132132132132,8.143037503606593e-05,1.069519511313587
0.002142142142142142,8.127632819433861e-05,1.069525487268655
0.002152152152152152,8.112253806428638e-05,1.069531453265081
0.002162162162162162,8.096900433357566e-05,1.069537409314981
0.002172172172172172,8.081572668986585e-05,1.069543355430471
0.002182182182182182,8.06627048208093e-05,1.069549291623668
0.002192192192192192,8.05099384140513e-05,1.06955521790669
0.002202202202202202,8.035742715723012e-05,1.069561134291654
0.002212212212212212,8.020517073797693e-05,1.069567040790678
0.002222222222222222,8.005316884391595e-05,1.06957293741588
0.002232232232232232,7.990142116266427e-05,1.069578824179378
0.002242242242242243,7.974992738183196e-05,1.069584701093291
0.002252252252252252,7.959868718902207e-05,1.069590568169738
0.002262262262262262,7.944770027183055e-05,1.069596425420837
0.002272272272272272,7.92969663178464e-05,1.069602272858708
0.002282282282282283,7.914648501465145e-05,1.069608110495471
0.002292292292292292,7.899625604982059e-05,1.069613938343246
0.002302302302302303,7.884627911092165e-05,1.069619756414153
0.002312312312312312,7.869655388754295e-05,1.069625564720234
0.002322322322322322,7.854708009870926e-05,1.069631363272388
0.002332332332332333,7.839785740593998e-05,1.069637152083747
0.002342342342342342,7.824888549755352e-05,1.069642931166401
0.002352352352352352,7.810016406190478e-05,1.06964870053244
0.002362362362362362,7.795169278738613e-05,1.069654460193953
0.002372372372372372,7.780347136242855e-05,1.069660210163026
0.002382382382382382,7.765549947550265e-05,1.069665950451744
0.002392392392392393,7.750777681511966e-05,1.069671681072191
0.002402402402402402,7.736030306983258e-05,1.069677402036449
0.002412412412412412,7.72130779282371e-05,1.069683113356598
0.002422422422422422,7.706610107897278e-05,1.069688815044718
0.002432432432432433,7.691937221072402e-05,1.069694507112884
0.002442442442442442,7.677289101222116e-05,1.069700189573172
0.002452452452452453,7.662665717224148e-05,1.069705862437655
0.002462462462462462,7.648067037961028e-05,1.069711525718405
0.002472472472472472,7.633493032320186e-05,1.069717179427491
0.002482482482482483,7.618943669194073e-05,1.069722823576981
0.002492492492492493,7.604418917480251e-05,1.06972845817894
0.002502502502502502,7.589918746081502e-05,1.069734083245432
0.002512512512512513,7.575443124222245e-05,1.069739698788396
0.002522522522522522,7.560992021181846e-05,1.069745304819749
0.002532532532532533,7.54656540540125e-05,1.069750901351734
0.002542542542542543,7.53216324582615e-05,1.069756488396398
0.002552552552552553,7.517785511409141e-05,1.069762065965785
0.002562562562562563,7.503432171109862e-05,1.069767634071937
0.002572572572572572,7.489103193895125e-05,1.069773192726892
0.002582582582582583,7.47479854873904e-05,1.069778741942687
0.002592592592592593,7.460518204623161e-05,1.069784281731354
0.002602602602602603,7.44626213053661e-05,1.069789812104923
0.002612612612612612,7.432030295476218e-05,1.069795333075422
0.002622622622622623,7.41782266844664e-05,1.069800844654874
0.002632632632632633,7.403639218460507e-05,1.069806346855301
0.002642642642642643,7.389479914538556e-05,1.06981183968872
0.002652652652652653,7.375344725709748e-05,1.069817323167146
0.002662662662662663,7.361233621011416e-05,1.069822797302591
0.002672672672672672,7.347146569489396e-05,1.069828262107062
0.002682682682682683,7.333083540198143e-05,1.069833717592564
0.002692692692692693,7.319044502200903e-05,1.069839163771098
0.002702702702702703,7.305029424569786e-05,1.069844600654663
0.002712712712712713,7.291038275839276e-05,1.069850028255465
0.002722722722722723,7.277071025222185e-05,1.069855446585447
0.002732732732732733,7.263127642049361e-05,1.069860855656507
0.002742742742742743,7.249208095410272e-05,1.069866255480635
0.002752752752752753,7.235312354402881e-05,1.06987164606982
0.002762762762762763,7.22144038813374e-05,1.069877027436047
0.002772772772772773,7.207592165718111e-05,1.069882399591295
0.002782782782782783,7.193767656280053e-05,1.069887762547544
0.002792792792792793,7.179966828952556e-05,1.069893116316767
0.002802802802802803,7.166189652877623e-05,1.069898460910935
0.002812812812812813,7.152436097206394e-05,1.069903796342015
0.002822822822822822,7.138706131099246e-05,1.069909122621972
0.002832832832832833,7.124999723725898e-05,1.069914439762764
0.002842842842842843,7.11131684426553e-05,1.069919747776349
0.002852852852852853,7.097657461906875e-05,1.069925046674679
0.002862862862862863,7.084021545848334e-05,1.069930336469703
0.002872872872872873,7.070409065298086e-05,1.069935617173366
0.002882882882882883,7.056819989474186e-05,1.069940888797609
0.002892892892892893,7.043254287604687e-05,1.06994615135437
0.002902902902902903,7.029711928927726e-05,1.069951404855582
0.002912912912912913,7.01619288244649e-05,1.06995664931327
0.002922922922922923,7.002697117602476e-05,1.069961884739288
0.002932932932932933,6.989224603667567e-05,1.069967111145557
0.002942942942942943,6.97577530991541e-05,1.069972328543997
0.002952952952952953,6.962349205629952e-05,1.069977536946523
0.002962962962962963,6.948946260105555e-05,1.069982736365046
0.002972972972972973,6.935566442647081e-05,1.069987926811475
0.002982982982982983,6.922209722570005e-05,1.069993108297713
0.002992992992992993,6.90887606920051e-05,1.069998280835659
0.003003003003003003,6.895565451875577e-05,1.070003444437209
0.003013013013013013,6.882277839943101e-05,1.070008599114253
0.003023023023023023,6.869013202761979e-05,1.070013744878678
0.003033033033033033,6.85577150970221e-05,1.070018881742365
0.003043043043043043,6.842552730145003e-05,1.070024009717195
0.003053053053053053,6.829356833482873e-05,1.070029128815039
0.003063063063063063,6.816183789119726e-05,1.070034239047767
0.003073073073073073,6.803033566470984e-05,1.070039340427244
0.003083083083083083,6.789906134963671e-05,1.07004443296533
0.003093093093093093,6.7768014640365e-05,1.07004951667388
0.003103103103103103,6.763719523101556e-05,1.070054591564761
0.003113113113113113,6.75066028153189e-05,1.070059657649854
0.003123123123123123,6.737623708895453e-05,1.070064714940964
0.003133133133133133,6.724609774675232e-05,1.07006976344993
0.003143143143143143,6.711618448366212e-05,1.070074803188586
0.003153153153153153,6.698649699475482e-05,1.07007983416876
0.003163163163163163,6.685703497522323e-05,1.070084856402277
0.003173173173173173,6.672779812038302e-05,1.070089869900957
0.003183183183183183,6.659878612567371e-05,1.070094874676615
0.003193193193193193,6.646999868665962e-05,1.070099870741061
0.003203203203203203,6.634143549903075e-05,1.070104858106099
0.003213213213213213,6.621309625860377e-05,1.070109836783531
0.003223223223223223,6.608498066132306e-05,1.07011480678515
0.003233233233233233,6.595708840326146e-05,1.070119768122749
0.003243243243243244,6.582941918062138e-05,1.070124720808111
0.003253253253253253,6.570197268973574e-05,1.070129664853017
0.003263263263263263,6.557474862706876e-05,1.070134600269242
0.003273273273273273,6.54477466892172e-05,1.070139527068556
0.003283283283283284,6.532096657291096e-05,1.070144445262725
0.003293293293293293,6.519440797501434e-05,1.070149354863506
0.003303303303303304,6.506807059252673e-05,1.070154255882656
0.003313313313313313,6.494195412258381e-05,1.070159148331922
0.003323323323323323,6.481605826245824e-05,1.070164032223048
0.003333333333333334,6.46903827095608e-05,1.070168907567774
0.003343343343343343,6.456492716144132e-05,1.070173774377831
0.003353353353353353,6.443969131578948e-05,1.070178632664948
0.003363363363363363,6.431467487043598e-05,1.070183482440846
0.003373373373373373,6.418987752335324e-05,1.070188323717243
0.003383383383383383,6.40652989726566e-05,1.070193156505849
0.003393393393393394,6.39409389166051e-05,1.070197980818369
0.003403403403403403,6.381679705360241e-05,1.070202796666504
0.003413413413413413,6.369287308219801e-05,1.070207604061947
0.003423423423423423,6.356916670108779e-05,1.070212403016388
0.003433433433433434,6.344567760911529e-05,1.070217193541508
0.003443443443443443,6.332240550527252e-05,1.070221975648986
0.003453453453453454,6.319935008870094e-05,1.070226749350492
0.003463463463463463,6.307651105869234e-05,1.070231514657692
0.003473473473473473,6.295388811468995e-05,1.070236271582244
0.003483483483483484,6.283148095628917e-05,1.070241020135804
0.003493493493493494,6.270928928323869e-05,1.070245760330019
0.003503503503503503,6.25873127966081e-05,1.070250492176484
0.003513513513513514,6.246555119563986e-05,1.070255215686867
0.003523523523523523,6.234400418038619e-05,1.070259930872805
0.003533533533533534,6.222267145123103e-05,1.070264637745919
0.003543543543543544,6.210155270871679e-05,1.070269336317828
0.003553553553553554,6.198064765354531e-05,1.070274026600142
0.003563563563563563,6.185995598657876e-05,1.070278708604465
0.003573573573573574,6.173947740884073e-05,1.070283382342396
0.003583583583583584,6.16192116215171e-05,1.070288047825525
0.003593593593593594,6.149915832595692e-05,1.07029270506544
0.003603603603603604,6.137931722367353e-05,1.07029735407372
0.003613613613613613,6.125968801634537e-05,1.070301994861936
0.003623623623623624,6.11402704058171e-05,1.070306627441656
0.003633633633633634,6.102106409410037e-05,1.070311251824439
0.003643643643643644,6.090206878337492e-05,1.070315868021839
0.003653653653653654,6.078328417598949e-05,1.070320476045402
0.003663663663663664,6.066470997446274e-05,1.070325075906669
0.003673673673673673,6.054634588148423e-05,1.070329667617174
0.003683683683683684,6.042819159991543e-05,1.070334251188443
0.003693693693693694,6.031024683279063e-05,1.070338826631996
0.003703703703703704,6.019251128331786e-05,1.070343393959347
0.003713713713713714,6.007498465487992e-05,1.070347953182003
0.003723723723723724,5.99576666510353e-05,1.070352504311463
0.003733733733733734,5.984055697551914e-05,1.070357047359221
0.003743743743743744,5.972365533224418e-05,1.070361582336763
0.003753753753753754,5.960696142530173e-05,1.070366109255568
0.003763763763763764,5.949047495896264e-05,1.070370628127108
0.003773773773773774,5.937419563767822e-05,1.070375138962849
0.003783783783783784,5.925812316608122e-05,1.070379641774248
0.003793793793793794,5.914225724898676e-05,1.070384136572757
0.003803803803803804,5.902659759139338e-05,1.070388623369819
0.003813813813813814,5.891114389848386e-05,1.070393102176873
0.003823823823823824,5.879589587562627e-05,1.070397573005347
0.003833833833833834,5.868085322837491e-05,1.070402035866664
0.003843843843843844,5.856601566247123e-05,1.070406490772239
0.003853853853853854,5.845138288384484e-05,1.070410937733479
0.003863863863863864,5.833695459861446e-05,1.070415376761787
0.003873873873873874,5.822273051308881e-05,1.070419807868554
0.003883883883883884,5.810871033376766e-05,1.070424231065166
0.003893893893893894,5.799489375205269e-05,1.070428646363596
0.003903903903903904,5.788128046955682e-05,1.070433053775418
0.003913913913913914,5.776787020994295e-05,1.070437453311352
0.003923923923923924,5.765466268025429e-05,1.070441844982763
0.003933933933933934,5.754165758772231e-05,1.070446228801009
0.003943943943943944,5.742885463976781e-05,1.070450604777439
0.003953953953953955,5.731625354400159e-05,1.070454972923397
0.003963963963963964,5.720385400822542e-05,1.070459333250216
0.003973973973973974,5.709165574043274e-05,1.070463685769226
0.003983983983983984,5.697965844880968e-05,1.070468030491747
0.003993993993993994,5.686786184173576e-05,1.070472367429092
0.004004004004004004,5.675626562778495e-05,1.070476696592565
0.004014014014014014,5.664486951572625e-05,1.070481017993465
0.004024024024024024,5.653367321452466e-05,1.070485331643081
0.004034034034034034,5.642267643334218e-05,1.070489637552697
0.004044044044044044,5.63118788815384e-05,1.070493935733587
0.004054054054054054,5.620128026867154e-05,1.070498226197018
0.004064064064064065,5.609088030449918e-05,1.07050250895425
0.004074074074074075,5.598067869897922e-05,1.070506784016534
0.004084084084084084,5.587067516227065e-05,1.070511051395114
0.004094094094094094,5.576086940473439e-05,1.070515311101226
0.004104104104104104,5.565126113693422e-05,1.070519563146098
0.004114114114114114,5.554185006963756e-05,1.070523807540951
0.004124124124124124,5.543263591381634e-05,1.070528044296997
0.004134134134134134,5.532361838064789e-05,1.07053227342544
0.004144144144144143,5.521479718151572e-05,1.070536494937476
0.004154154154154155,5.510617202801036e-05,1.070540708844294
0.004164164164164165,5.499774263193036e-05,1.070544915157074
0.004174174174174174,5.488950870528296e-05,1.070549113886988
0.004184184184184184,5.478146996028505e-05,1.0705533050452
0.004194194194194195,5.46736261093639e-05,1.070557488642866
0.004204204204204204,5.456597686515822e-05,1.070561664691133
0.004214214214214214,5.445852194051879e-05,1.070565833201142
0.004224224224224224,5.435126104850944e-05,1.070569994184023
0.004234234234234234,5.424419390240785e-05,1.070574147650898
0.004244244244244244,5.413732021570643e-05,1.070578293612883
0.004254254254254255,5.403063970211315e-05,1.070582432081084
0.004264264264264264,5.392415207555238e-05,1.070586563066598
0.004274274274274275,5.381785705016576e-05,1.070590686580515
0.004284284284284285,5.371175433793629e-05,1.070594802634007
0.004294294294294294,5.360584361754979e-05,1.07059891123954
0.004304304304304304,5.350012463771222e-05,1.070603012406862
0.004314314314314315,5.339459711320655e-05,1.070607106147038
0.004324324324324324,5.328926075903031e-05,1.070611192471123
0.004334334334334334,5.318411529039626e-05,1.070615271390166
0.004344344344344344,5.307916042273326e-05,1.070619342915206
0.004354354354354355,5.297439587168692e-05,1.070623407057273
0.004364364364364365,5.286982135312048e-05,1.070627463827391
0.004374374374374375,5.276543658311548e-05,1.070631513236573
0.004384384384384384,5.266124127797255e-05,1.070635555295825
0.004394394394394394,5.255723515421211e-05,1.070639590016144
0.004404404404404405,5.24534179285753e-05,1.070643617408519
0.004414414414414414,5.234978931802451e-05,1.070647637483929
0.004424424424424424,5.224634903974433e-05,1.070651650253346
0.004434434434434434,5.21430968111422e-05,1.070655655727732
0.004444444444444444,5.204003234984918e-05,1.070659653918042
0.004454454454454455,5.193715537372078e-05,1.07066364483522
0.004464464464464465,5.183446560083764e-05,1.070667628490204
0.004474474474474474,5.173196274950631e-05,1.07067160489392
0.004484484484484485,5.162964653826005e-05,1.070675574057288
0.004494494494494495,5.152751668585955e-05,1.070679535991218
0.004504504504504504,5.142557291129365e-05,1.070683490706612
0.004514514514514514,5.132381493378021e-05,1.070687438214361
0.004524524524524525,5.122224247276677e-05,1.070691378525349
0.004534534534534534,5.112085524793135e-05,1.070695311650452
0.004544544544544544,5.101965297918323e-05,1.070699237600533
0.004554554554554555,5.091863538666361e-05,1.070703156386451
0.004564564564564565,5.081780219074653e-05,1.070707068019052
0.004574574574574575,5.071715311203951e-05,1.070710972509175
0.004584584584584585,5.061668787138432e-05,1.07071486986765
0.004594594594594595,5.051640618985776e-05,1.070718760105296
0.004604604604604605,5.041630778877246e-05,1.070722643232925
0.004614614614614615,5.031639238967755e-05,1.070726519261339
0.004624624624624625,5.021665971435951e-05,1.070730388201331
0.004634634634634634,5.011710948484286e-05,1.070734250063683
0.004644644644644644,5.001774142339094e-05,1.070738104859172
0.004654654654654655,4.991855525250668e-05,1.07074195259856
0.004664664664664665,4.981955069493341e-05,1.070745793292605
0.004674674674674675,4.972072747365546e-05,1.070749626952052
0.004684684684684685,4.962208527434791e-05,1.070753453589095
0.004694694694694695,4.95236238337974e-05,1.070757273213944
0.004704704704704705,4.942534289362499e-05,1.070761085836624
0.004714714714714715,4.932724217745837e-05,1.070764891467856
0.004724724724724724,4.922932140916088e-05,1.070768690118351
0.004734734734734735,4.913158031283217e-05,1.070772481798813
0.004744744744744745,4.903401861280878e-05,1.070776266519935
0.004754754754754755,4.893663603366483e-05,1.070780044292403
0.004764764764764765,4.883943230021266e-05,1.070783815126891
0.004774774774774775,4.874240713750347e-05,1.070787579034066
0.004784784784784785,4.864556027082797e-05,1.070791336024584
0.004794794794794795,4.8548891425717e-05,1.070795086109094
0.004804804804804805,4.845240032794225e-05,1.070798829298232
0.004814814814814815,4.835608670351678e-05,1.070802565602629
0.004824824824824825,4.825995027869579e-05,1.070806295032903
0.004834834834834835,4.816399077997721e-05,1.070810017599664
0.004844844844844844,4.806820793410234e-05,1.070813733313514
0.004854854854854856,4.797260146805648e-05,1.070817442185042
0.004864864864864865,4.787717110906966e-05,1.070821144224831
0.004874874874874875,4.778191658461718e-05,1.070824839443453
0.004884884884884885,4.768683762242031e-05,1.07082852785147
0.004894894894894895,4.759193395044694e-05,1.070832209459435
0.004904904904904905,4.749720529691218e-05,1.070835884277892
0.004914914914914915,4.74026513902791e-05,1.070839552317375
0.004924924924924925,4.730827195925925e-05,1.070843213588407
0.004934934934934934,4.721406673281339e-05,1.070846868101502
0.004944944944944945,4.712003544015212e-05,1.070850515867166
0.004954954954954956,4.702617781073655e-05,1.070854156895895
0.004964964964964965,4.693249357427884e-05,1.070857791198172
0.004974974974974975,4.683898246074299e-05,1.070861418784474
0.004984984984984986,4.674564420034538e-05,1.070865039665265
0.004994994994994995,4.665247852355548e-05,1.070868653851004
0.005005005005005005,4.655948516109644e-05,1.070872261352135
0.005015015015015015,4.646666384394578e-05,1.070875862179094
0.005025025025025025,4.637401430333599e-05,1.070879456342308
0.005035035035035035,4.628153627075525e-05,1.070883043852193
0.005045045045045045,4.618922947794802e-05,1.070886624719156
0.005055055055055055,4.609709365691563e-05,1.070890198953594
0.005065065065065066,4.600512853991707e-05,1.070893766565892
0.005075075075075076,4.591333384556161e-05,1.070897327566967
0.005085085085085085,4.582170927758315e-05,1.070900881968311
0.005095095095095095,4.573025460603109e-05,1.070904429778847
0.005105105105105106,4.563896956388979e-05,1.070907971008931
0.005115115115115115,4.554785388439559e-05,1.070911505668912
0.005125125125125125,4.545690730103728e-05,1.070915033769129
0.005135135135135135,4.536612954755675e-05,1.070918555319911
0.005145145145145144,4.527552035794945e-05,1.070922070331578
0.005155155155155156,4.51850794664649e-05,1.070925578814438
0.005165165165165166,4.509480660760741e-05,1.070929080778791
0.005175175175175175,4.500470151613636e-05,1.070932576234926
0.005185185185185185,4.491476392706689e-05,1.070936065193124
0.005195195195195196,4.482499357567044e-05,1.070939547663653
0.005205205205205205,4.473539019747518e-05,1.070943023656773
0.005215215215215215,4.464595352826671e-05,1.070946493182735
0.005225225225225225,4.455668330408841e-05,1.070949956251777
0.005235235235235235,4.446757926124216e-05,1.070953412874129
0.005245245245245245,4.43786411362887e-05,1.070956863060012
0.005255255255255256,4.428986866604836e-05,1.070960306819634
0.005265265265265265,4.420126158760137e-05,1.070963744163195
0.005275275275275276,4.41128196382886e-05,1.070967175100885
0.005285285285285286,4.402454255571201e-05,1.070970599642882
0.005295295295295295,4.393643007773515e-05,1.070974017799356
0.005305305305305305,4.384848194248375e-05,1.070977429580466
0.005315315315315316,4.376069788834625e-05,1.07098083499636
0.005325325325325325,4.367307765397436e-05,1.070984234057176
0.005335335335335335,4.358562097828349e-05,1.070987626773045
0.005345345345345345,4.349832760045344e-05,1.070991013154082
0.005355355355355356,4.34111972599288e-05,1.070994393210396
0.005365365365365366,4.332422969641962e-05,1.070997766952085
0.005375375375375376,4.323742464990178e-05,1.071001134389235
0.005385385385385385,4.315078186061768e-05,1.071004495531923
0.005395395395395395,4.306430106907669e-05,1.071007850390217
0.005405405405405406,4.297798201605572e-05,1.071011198974171
0.005415415415415415,4.289182444259977e-05,1.071014541293831
0.005425425425425425,4.28058280900224e-05,1.071017877359234
0.005435435435435435,4.271999269990633e-05,1.071021207180403
0.005445445445445445,4.263431801410395e-05,1.071024530767353
0.005455455455455456,4.254880377473792e-05,1.071027848130087
0.005465465465465466,4.246344972420158e-05,1.0710311592786
0.005475475475475475,4.237825556258467e-05,1.071034464224526
0.005485485485485486,4.2293221063632e-05,1.071037762976641
0.005495495495495496,4.220834597680938e-05,1.071041055544665
0.005505505505505505,4.212363004531356e-05,1.07104434193856
0.005515515515515515,4.203907301260668e-05,1.071047622168278
0.005525525525525526,4.195467462241673e-05,1.07105089624376
0.005535535535535535,4.187043461873804e-05,1.071054164174938
0.005545545545545545,4.178635274583166e-05,1.071057425971733
0.005555555555555556,4.170242874822581e-05,1.071060681644054
0.005565565565565566,4.161866237071632e-05,1.071063931201803
0.005575575575575576,4.15350533583671e-05,1.071067174654869
0.005585585585585586,4.145160145651054e-05,1.071070412013132
0.005595595595595595,4.136830641074794e-05,1.071073643286459
0.005605605605605606,4.128516796695e-05,1.071076868484711
0.005615615615615616,4.12021858712572e-05,1.071080087617734
0.005625625625625626,4.111935987008029e-05,1.071083300695366
0.005635635635635635,4.103668971010068e-05,1.071086507727435
0.005645645645645645,4.095417513827093e-05,1.071089708723757
0.005655655655655656,4.087181590181511e-05,1.071092903694138
0.005665665665665666,4.078961174822935e-05,1.071096092648372
0.005675675675675676,4.07075624252822e-05,1.071099275596246
0.005685685685685686,4.062566768101508e-05,1.071102452547533
0.005695695695695696,4.054392726374269e-05,1.071105623511997
0.005705705705705706,4.046234092205355e-05,1.07110878849939
0.005715715715715716,4.038090840481033e-05,1.071111947519457
0.005725725725725725,4.029962946115032e-05,1.071115100581927
0.005735735735735736,4.021850384048591e-05,1.071118247696522
0.005745745745745746,4.013753129250498e-05,1.071121388872953
0.005755755755755756,4.005671156717134e-05,1.07112452412092
0.005765765765765766,3.997604441472524e-05,1.07112765345011
0.005775775775775776,3.989552958568365e-05,1.071130776870203
0.005785785785785786,3.981516683084093e-05,1.071133894390865
0.005795795795795796,3.973495590126902e-05,1.071137006021755
0.005805805805805806,3.965489654831807e-05,1.071140111772516
0.005815815815815816,3.957498852361677e-05,1.071143211652785
0.005825825825825826,3.949523157907286e-05,1.071146305672187
0.005835835835835836,3.941562546687348e-05,1.071149393840333
0.005845845845845845,3.933616993948571e-05,1.071152476166827
0.005855855855855857,3.925686474965692e-05,1.071155552661261
0.005865865865865866,3.917770962851363e-05,1.071158623334064
0.005875875875875876,3.909870432188847e-05,1.071161688195098
0.005885885885885886,3.901984860744964e-05,1.071164747252986
0.005895895895895896,3.894114223879344e-05,1.071167800517288
0.005905905905905906,3.886258496979086e-05,1.071170847997552
0.005915915915915916,3.878417655458795e-05,1.071173889703315
0.005925925925925926,3.870591674760611e-05,1.071176925644104
0.005935935935935935,3.862780530354245e-05,1.071179955829434
0.005945945945945946,3.854984197737016e-05,1.071182980268812
0.005955955955955957,3.847202652433884e-05,1.071185998971733
0.005965965965965966,3.839435869997485e-05,1.071189011947678
0.005975975975975976,3.831683826008157e-05,1.071192019206123
0.005985985985985987,3.823946496073988e-05,1.071195020756529
0.005995995995995996,3.816223855830841e-05,1.071198016608348
0.006006006006006006,3.808515880942389e-05,1.071201006771021
0.006016016016016016,3.800822547100151e-05,1.071203991253978
0.006026026026026026,3.793143830023526e-05,1.071206970066638
0.006036036036036036,3.785479705459829e-05,1.071209943218409
0.006046046046046046,3.777830149184321e-05,1.071212910718689
0.006056056056056056,3.770195137000243e-05,1.071215872576864
0.006066066066066067,3.76257464473886e-05,1.071218828802311
0.006076076076076077,3.75496864825948e-05,1.071221779404394
0.006086086086086086,3.747377123449503e-05,1.071224724392467
0.006096096096096096,3.739800046224442e-05,1.071227663775874
0.006106106106106107,3.732237392527964e-05,1.071230597563947
0.006116116116116116,3.72468913833193e-05,1.071233525766006
0.006126126126126126,3.717155259636418e-05,1.071236448391363
0.006136136136136136,3.709635732469761e-05,1.071239365449316
0.006146146146146146,3.702130532888584e-05,1.071242276949155
0.006156156156156157,3.694639636977837e-05,1.071245182900155
0.006166166166166167,3.68716302085083e-05,1.071248083311584
0.006176176176176176,3.679700660649262e-05,1.071250978192697
0.006186186186186186,3.672252532543263e-05,1.071253867552739
0.006196196196196197,3.664818612731419e-05,1.071256751400943
0.006206206206206206,3.657398877440819e-05,1.07125962974653
0.006216216216216216,3.649993302927077e-05,1.071262502598713
0.006226226226226226,3.642601865474372e-05,1.071265369966691
0.006236236236236236,3.635224541395479e-05,1.071268231859653
0.006246246246246246,3.627861307031809e-05,1.071271088286778
0.006256256256256257,3.620512138478129e-05,1.071273939257338
0.006266266266266266,3.613177007836483e-05,1.071276784782156
0.006276276276276277,3.605855895595184e-05,1.071279624868802
0.006286286286286287,3.598548778183568e-05,1.071282459526419
0.006296296296296296,3.591255632059009e-05,1.071285288764141
0.006306306306306306,3.583976433706937e-05,1.071288112591088
0.006316316316316317,3.576711159640872e-05,1.071290931016373
0.006326326326326326,3.569459786402445e-05,1.071293744049096
0.006336336336336336,3.562222290561418e-05,1.071296551698345
0.006346346346346346,3.554998648715719e-05,1.071299353973199
0.006356356356356357,3.547788837491454e-05,1.071302150882727
0.006366366366366367,3.540592833542947e-05,1.071304942435983
0.006376376376376377,3.533410613552747e-05,1.071307728642014
0.006386386386386386,3.526242154231671e-05,1.071310509509855
0.006396396396396397,3.519087432318812e-05,1.071313285048529
0.006406406406406407,3.511946424581575e-05,1.071316055267048
0.006416416416416416,3.504819107815701e-05,1.071318820174415
0.006426426426426426,3.497705458845281e-05,1.07132157977962
0.006436436436436436,3.490605454522796e-05,1.071324334091642
0.006446446446446446,3.483519071729132e-05,1.07132708311945
0.006456456456456457,3.476446287373605e-05,1.071329826872003
0.006466466466466467,3.469387078393992e-05,1.071332565358245
0.006476476476476476,3.462341421756544e-05,1.071335298587114
0.006486486486486487,3.455309294456029e-05,1.071338026567533
0.006496496496496497,3.448290673515737e-05,1.071340749308415
0.006506506506506506,3.441285535987517e-05,1.071343466818664
0.006516516516516516,3.434293858951798e-05,1.07134617910717
0.006526526526526527,3.427315619517615e-05,1.071348886182813
0.006536536536536536,3.42035079482263e-05,1.071351588054462
0.006546546546546546,3.413399362033166e-05,1.071354284730976
0.006556556556556557,3.406461298344215e-05,1.071356976221201
0.006566566566566567,3.399536580979482e-05,1.071359662533973
0.006576576576576577,3.392625187191398e-05,1.071362343678115
0.006586586586586587,3.385727094261146e-05,1.071365019662442
0.006596596596596596,3.37884227949869e-05,1.071367690495755
0.006606606606606607,3.371970720242791e-05,1.071370356186847
0.006616616616616617,3.365112393861045e-05,1.071373016744495
0.006626626626626626,3.358267277749897e-05,1.07137567217747
0.006636636636636636,3.351435349334669e-05,1.071378322494528
0.006646646646646647,3.344616586069582e-05,1.071380967704416
0.006656656656656657,3.337810962555014e-05,1.071383607816987
0.006666666666666667,3.331018457312662e-05,1.071386242840573
0.006676676676676677,3.324239049269892e-05,1.071388872783349
0.006686686686686687,3.317472715971475e-05,1.071391497654026
0.006696696696696697,3.3107194349905e-05,1.071394117461303
0.006706706706706707,3.303979183928384e-05,1.071396732213871
0.006716716716716717,3.297251940414878e-05,1.071399341920407
0.006726726726726726,3.290537682108106e-05,1.071401946589578
0.006736736736736737,3.28383638669456e-05,1.071404546230041
0.006746746746746747,3.277148031889125e-05,1.07140714085044
0.006756756756756757,3.270472595435093e-05,1.07140973045941
0.006766766766766767,3.263810055104185e-05,1.071412315065573
0.006776776776776777,3.257160388696555e-05,1.071414894677542
0.006786786786786787,3.250523574040817e-05,1.071417469303918
0.006796796796796797,3.243899588994052e-05,1.07142003895329
0.006806806806806807,3.237288411441837e-05,1.071422603634238
0.006816816816816817,3.230690019298244e-05,1.071425163355328
0.006826826826826827,3.224104390505867e-05,1.071427718125119
0.006836836836836837,3.21753150303584e-05,1.071430267952155
0.006846846846846846,3.210971334887842e-05,1.071432812844972
0.006856856856856858,3.204423864090122e-05,1.071435352812092
0.006866866866866867,3.197889068699515e-05,1.071437887862029
0.006876876876876877,3.191366926801453e-05,1.071440418003283
0.006886886886886887,3.184857416509981e-05,1.071442943244345
0.006896896896896897,3.178360515967779e-05,1.071445463593694
0.006906906906906907,3.171876203346174e-05,1.071447979059797
0.006916916916916917,3.165404456845154e-05,1.071450489651113
0.006926926926926927,3.158945254693387e-05,1.071452995376086
0.006936936936936936,3.152498575148238e-05,1.071455496243152
0.006946946946946947,3.14606439649578e-05,1.071457992260733
0.006956956956956958,3.139642697050817e-05,1.071460483437243
0.006966966966966967,3.133233455156891e-05,1.071462969781081
0.006976976976976977,3.126836649186309e-05,1.071465451300639
0.006986986986986988,3.120452257540146e-05,1.071467928004296
0.006996996996996997,3.114080258648278e-05,1.071470399900418
0.007007007007007007,3.107720630969376e-05,1.071472866997363
0.007017017017017017,3.101373352990939e-05,1.071475329303476
0.007027027027027027,3.095038403229309e-05,1.071477786827091
0.007037037037037037,3.08871576022968e-05,1.071480239576531
0.007047047047047047,3.082405401592075e-05,1.071482687560485
0.007057057057057057,3.076107303857626e-05,1.071485130788056
0.007067067067067068,3.069821448275356e-05,1.071487569266514
0.007077077077077078,3.063547813484072e-05,1.07149000300415
0.007087087087087087,3.057286378150894e-05,1.071492432009236
0.007097097097097097,3.051037120971261e-05,1.071494856290039
0.007107107107107108,3.04480002066894e-05,1.071497275854812
0.007117117117117117,3.038575055996035e-05,1.071499690711798
0.007127127127127127,3.032362205732995e-05,1.071502100869228
0.007137137137137137,3.02616144868862e-05,1.071504506335323
0.007147147147147147,3.019972763700073e-05,1.071506907118294
0.007157157157157158,3.013796129632884e-05,1.071509303226338
0.007167167167167168,3.007631525380964e-05,1.071511694667643
0.007177177177177177,3.001478929866607e-05,1.071514081450386
0.007187187187187187,2.995338322040504e-05,1.071516463582733
0.007197197197197198,2.989209680881746e-05,1.071518841072838
0.007207207207207207,2.983092985397834e-05,1.071521213928845
0.007217217217217217,2.976988214624696e-05,1.071523582158887
0.007227227227227227,2.970895347626674e-05,1.071525945771085
0.007237237237237237,2.964814363496555e-05,1.07152830477355
0.007247247247247247,2.958745241355571e-05,1.071530659174381
0.007257257257257258,2.952687960353398e-05,1.071533008981667
0.007267267267267267,2.946642499668183e-05,1.071535354203485
0.007277277277277278,2.940608838506531e-05,1.071537694847901
0.007287287287287288,2.934586956103532e-05,1.071540030922972
0.007297297297297297,2.928576831722757e-05,1.071542362436741
0.007307307307307307,2.922578444656274e-05,1.071544689397241
0.007317317317317318,2.916591774224648e-05,1.071547011812495
0.007327327327327327,2.910616799776961e-05,1.071549329690515
0.007337337337337337,2.904653500690805e-05,1.071551643039298
0.007347347347347347,2.898701856372306e-05,1.071553951866836
0.007357357357357358,2.892761846256121e-05,1.071556256181106
0.007367367367367368,2.886833449805453e-05,1.071558555990074
0.007377377377377378,2.880916646512054e-05,1.071560851301697
0.007387387387387387,2.875011415896234e-05,1.07156314212392
0.007397397397397398,2.869117737506878e-05,1.071565428464675
0.007407407407407408,2.863235590921439e-05,1.071567710331885
0.007417417417417417,2.857364955745962e-05,1.071569987733462
0.007427427427427427,2.851505811615079e-05,1.071572260677307
0.007437437437437437,2.845658138192026e-05,1.071574529171307
0.007447447447447447,2.839821912259646e-05,1.071576793224471
0.007457457457457458,2.833997115635804e-05,1.071579052843852
0.007467467467467468,2.828183728503933e-05,1.071581308037136
0.007477477477477477,2.822381730622237e-05,1.071583558812177
0.007487487487487488,2.816591101777018e-05,1.071585805176815
0.007497497497497498,2.810811821782674e-05,1.071588047138883
0.007507507507507507,2.805043870481696e-05,1.071590284706198
0.007517517517517517,2.799287227744682e-05,1.071592517886571
0.007527527527527528,2.79354187347032e-05,1.071594746687799
0.007537537537537537,2.787807787585408e-05,1.071596971117668
0.007547547547547547,2.782084950044843e-05,1.071599191183956
0.007557557557557558,2.776373340831628e-05,1.071601406894427
0.007567567567567568,2.770672939956874e-05,1.071603618256836
0.007577577577577578,2.764983727459799e-05,1.071605825278926
0.007587587587587588,2.75930568340773e-05,1.071608027968429
0.007597597597597597,2.753638787896106e-05,1.071610226333068
0.007607607607607608,2.747983021048478e-05,1.071612420380552
0.007617617617617618,2.742338363016513e-05,1.071614610118582
0.007627627627627627,2.736704793979994e-05,1.071616795554847
0.007637637637637637,2.731082294146818e-05,1.071618976697024
0.007647647647647648,2.725470843753004e-05,1.071621153552781
0.007657657657657658,2.719870423062692e-05,1.071623326129773
0.007667667667667668,2.714281012368143e-05,1.071625494435646
0.007677677677677678,2.708702591989742e-05,1.071627658478035
0.007687687687687688,2.703135142275999e-05,1.071629818264562
0.007697697697697698,2.69757864360355e-05,1.071631973802841
0.007707707707707708,2.692033076377162e-05,1.071634125100473
0.007717717717717718,2.68649842102973e-05,1.071636272165047
0.007727727727727727,2.68097465802228e-05,1.071638415004146
0.007737737737737738,2.675461767843972e-05,1.071640553625336
0.007747747747747748,2.669959731012102e-05,1.071642688036176
0.007757757757757758,2.664468528072099e-05,1.071644818244214
0.007767767767767768,2.658988139597533e-05,1.071646944256985
0.007777777777777778,2.65351854619011e-05,1.071649066082014
0.007787787787787788,2.648059728479682e-05,1.071651183726816
0.007797797797797798,2.642611667124237e-05,1.071653297198894
0.007807807807807808,2.637174342809912e-05,1.07165540650574
0.007817817817817818,2.631747736250987e-05,1.071657511654837
0.007827827827827828,2.62633182818989e-05,1.071659612653654
0.007837837837837838,2.620926598051537e-05,1.071661709510174
0.007847847847847847,2.615532026162928e-05,1.071663802232028
0.007857857857857859,2.610148094841311e-05,1.071665890826075
0.007867867867867868,2.604774784924645e-05,1.07166797529975
0.007877877877877878,2.599412077278559e-05,1.071670055660475
0.007887887887887888,2.594059952796348e-05,1.071672131915663
0.007897897897897898,2.588718392398973e-05,1.071674204072714
0.007907907907907909,2.583387377035051e-05,1.07167627213902
0.007917917917917919,2.578066887680857e-05,1.071678336121959
0.007927927927927928,2.572756905340314e-05,1.071680396028902
0.007937937937937938,2.56745741104499e-05,1.071682451867207
0.007947947947947948,2.562168385854095e-05,1.071684503644221
0.007957957957957958,2.556889810854476e-05,1.071686551367282
0.007967967967967967,2.551621667160613e-05,1.071688595043715
0.007977977977977977,2.546363935914614e-05,1.071690634680837
0.007987987987987989,2.541116598286209e-05,1.071692670285952
0.007997997997997998,2.535879635472752e-05,1.071694701866354
0.008008008008008008,2.530653028699207e-05,1.071696729429327
0.008018018018018018,2.525436759218151e-05,1.071698752982143
0.008028028028028027,2.520230808309766e-05,1.071700772532065
0.008038038038038037,2.515035157281838e-05,1.071702788086343
0.008048048048048049,2.509849787469748e-05,1.071704799652219
0.008058058058058058,2.504674680236471e-05,1.071706807236922
0.008068068068068068,2.499509816972574e-05,1.071708810847672
0.008078078078078078,2.494355179096203e-05,1.071710810491676
0.008088088088088087,2.489210748053087e-05,1.071712806176133
0.008098098098098097,2.484076505316528e-05,1.071714797908229
0.008108108108108109,2.478952432387403e-05,1.071716785695142
0.008118118118118118,2.473838510794155e-05,1.071718769544036
0.00812812812812813,2.468734722092785e-05,1.071720749462067
0.008138138138138139,2.463641047866859e-05,1.071722725456379
0.008148148148148149,2.458557469727492e-05,1.071724697534106
0.008158158158158159,2.453483969313347e-05,1.071726665702371
0.008168168168168169,2.448420528290637e-05,1.071728629968285
0.008178178178178178,2.443367128353112e-05,1.071730590338951
0.008188188188188188,2.438323751222057e-05,1.071732546821459
0.008198198198198198,2.433290378646293e-05,1.07173449942289
0.008208208208208207,2.428266992402165e-05,1.071736448150313
0.008218218218218219,2.423253574293541e-05,1.071738393010786
0.008228228228228229,2.418250106005263e-05,1.071740334011416
0.008238238238238238,2.413256567027802e-05,1.071742271160158
0.008248248248248248,2.408272941481815e-05,1.071744204463172
0.008258258258258258,2.403299211266423e-05,1.071746133927479
0.008268268268268267,2.398335358307826e-05,1.071748059560093
0.008278278278278277,2.393381364559294e-05,1.071749981368013
0.008288288288288287,2.388437212001159e-05,1.07175189935823
0.0082982982982983,2.3835028826408e-05,1.071753813537724
0.00830830830830831,2.378578358512644e-05,1.071755723913464
0.00831831831831832,2.373663621678146e-05,1.071757630492409
0.008328328328328329,2.368758654225784e-05,1.071759533281507
0.008338338338338339,2.363863438271048e-05,1.071761432287697
0.008348348348348349,2.358977955956432e-05,1.071763327517905
0.008358358358358358,2.354102189451423e-05,1.07176521897905
0.008368368368368368,2.349236120952494e-05,1.071767106678037
0.00837837837837838,2.344379732683089e-05,1.071768990621762
0.008388388388388389,2.339533006893619e-05,1.071770870817112
0.008398398398398399,2.334695925861452e-05,1.071772747270961
0.008408408408408409,2.329868471890897e-05,1.071774619990175
0.008418418418418418,2.325050627313202e-05,1.071776488981606
0.008428428428428428,2.320242374486543e-05,1.0717783542521
0.008438438438438438,2.315443695796008e-05,1.071780215808488
0.008448448448448448,2.310654573653596e-05,1.071782073657596
0.008458458458458457,2.305874990498203e-05,1.071783927806234
0.008468468468468469,2.301104928795612e-05,1.071785778261205
0.008478478478478478,2.296344371038487e-05,1.071787625029301
0.008488488488488488,2.291593299746358e-05,1.071789468117303
0.008498498498498498,2.286851697465615e-05,1.071791307531981
0.008508508508508509,2.282119546769499e-05,1.071793143280096
0.008518518518518519,2.27739683025809e-05,1.071794975368398
0.008528528528528529,2.2726835305583e-05,1.071796803803627
0.008538538538538538,2.267979630323859e-05,1.071798628592512
0.00854854854854855,2.26328511223531e-05,1.071800449741771
0.00855855855855856,2.258599959e-05,1.071802267258112
0.008568568568568569,2.253924153352063e-05,1.071804081148235
0.008578578578578579,2.249257678052422e-05,1.071805891418826
0.008588588588588589,2.244600515888768e-05,1.071807698076562
0.008598598598598598,2.239952649675556e-05,1.07180950112811
0.008608608608608608,2.235314062253996e-05,1.071811300580128
0.008618618618618618,2.230684736492043e-05,1.07181309643926
0.008628628628628629,2.226064653834619e-05,1.071814888712705
0.008638638638638639,2.221453797704397e-05,1.071816677406894
0.008648648648648649,2.216852151752468e-05,1.071818462528169
0.008658658658658658,2.212259698940903e-05,1.071820244083139
0.008668668668668668,2.207676422258114e-05,1.071822022078404
0.008678678678678678,2.203102304718832e-05,1.071823796520554
0.008688688688688688,2.198537329364098e-05,1.071825567416166
0.008698698698698697,2.193981479261247e-05,1.07182733477181
0.008708708708708711,2.189434737503891e-05,1.071829098594044
0.00871871871871872,2.184897087211917e-05,1.071830858889416
0.00872872872872873,2.180368511531457e-05,1.071832615664465
0.00873873873873874,2.175848993634883e-05,1.071834368925718
0.008748748748748749,2.171338516720791e-05,1.071836118679694
0.008758758758758759,2.166837064013991e-05,1.071837864932899
0.008768768768768769,2.162344618765484e-05,1.071839607691832
0.008778778778778779,2.157861164252457e-05,1.07184134696298
0.008788788788788788,2.153386683778264e-05,1.071843082752819
0.0087987987987988,2.148921160672413e-05,1.071844815067818
0.008808808808808809,2.144464578290554e-05,1.071846543914432
0.008818818818818819,2.140016920014463e-05,1.071848269299108
0.008828828828828829,2.135578169252025e-05,1.071849991228284
0.008838838838838839,2.131148309437228e-05,1.071851709708385
0.008848848848848848,2.126727324030141e-05,1.071853424745827
0.008858858858858858,2.122315196516906e-05,1.071855136347018
0.008868868868868868,2.117911910409717e-05,1.071856844518353
0.008878878878878879,2.113517449246814e-05,1.071858549266219
0.008888888888888889,2.109131796592466e-05,1.07186025059699
0.0088988988988989,2.104754936036952e-05,1.071861948517034
0.00890890890890891,2.100386851196556e-05,1.071863643032705
0.00891891891891892,2.096027525713545e-05,1.071865334150349
0.008928928928928929,2.091676943256158e-05,1.071867021876303
0.008938938938938939,2.087335087518596e-05,1.071868706216891
0.008948948948948949,2.083001942220999e-05,1.071870387178429
0.00895895895895896,2.07867749110944e-05,1.071872064767223
0.00896896896896897,2.07436171795591e-05,1.071873738989567
0.00897897897897898,2.070054606558298e-05,1.071875409851748
0.00898898898898899,2.065756140740386e-05,1.07187707736004
0.008998998998998999,2.061466304351825e-05,1.071878741520708
0.009009009009009009,2.057185081268129e-05,1.071880402340008
0.009019019019019019,2.052912454935023e-05,1.071882059824362
0.009029029029029028,2.048648408301998e-05,1.071883713980384
0.009039039039039038,2.044392926558147e-05,1.071885364813819
0.00904904904904905,2.040145993671935e-05,1.071887012330887
0.009059059059059059,2.035907593637326e-05,1.071888656537798
0.009069069069069069,2.031677710473762e-05,1.07189029744075
0.009079079079079079,2.027456328226144e-05,1.071891935045932
0.009089089089089088,2.023243430964819e-05,1.071893569359525
0.009099099099099098,2.019039002785559e-05,1.071895200387699
0.00910910910910911,2.014843027809544e-05,1.071896828136612
0.009119119119119119,2.010655490183347e-05,1.071898452612416
0.009129129129129131,2.006476374078911e-05,1.07190007382125
0.00913913913913914,2.002305663693536e-05,1.071901691769244
0.00914914914914915,1.998143343249861e-05,1.07190330646252
0.00915915915915916,1.993989396995842e-05,1.071904917907188
0.00916916916916917,1.989843809204741e-05,1.071906526109349
0.009179179179179179,1.985706564175102e-05,1.071908131075093
0.009189189189189189,1.98157764623074e-05,1.071909732810503
0.009199199199199199,1.977457039720714e-05,1.07191133132165
0.00920920920920921,1.973344729019319e-05,1.071912926614595
0.00921921921921922,1.969240698526067e-05,1.07191451869539
0.00922922922922923,1.965144932665661e-05,1.071916107570077
0.009239239239239239,1.961057415887986e-05,1.071917693244689
0.009249249249249249,1.956978132668089e-05,1.071919275725249
0.009259259259259259,1.95290706750616e-05,1.071920855017769
0.009269269269269268,1.948844204927515e-05,1.071922431128253
0.009279279279279278,1.944789529482579e-05,1.071924004062693
0.009289289289289288,1.940743025746869e-05,1.071925573827074
0.009299299299299301,1.936704678320971e-05,1.071927140427368
0.009309309309309311,1.932674471830536e-05,1.071928703869542
0.009319319319319321,1.928652390926243e-05,1.071930264159548
0.00932932932932933,1.924638420283798e-05,1.071931821303332
0.00933933933933934,1.920632544603906e-05,1.071933375306829
0.00934934934934935,1.916634748612259e-05,1.071934926175964
0.009359359359359359,1.912645017059517e-05,1.071936473916653
0.009369369369369369,1.90866333472129e-05,1.071938018534802
0.009379379379379381,1.904689686398118e-05,1.071939560036307
0.00938938938938939,1.900724056915459e-05,1.071941098427055
0.0093993993993994,1.896766431123665e-05,1.071942633712923
0.00940940940940941,1.892816793897969e-05,1.071944165899778
0.009419419419419419,1.888875128881909e-05,1.071945694993965
0.009429429429429429,1.884941421903097e-05,1.071947221000983
0.009439439439439439,1.881015658101875e-05,1.071948743926596
0.009449449449449449,1.877097822444367e-05,1.071950263776636
0.00945945945945946,1.873187899921253e-05,1.071951780556925
0.00946946946946947,1.869285875547746e-05,1.071953294273278
0.009479479479479479,1.865391734363572e-05,1.071954804931496
0.009489489489489489,1.861505461432949e-05,1.071956312537375
0.009499499499499501,1.857627041844565e-05,1.071957817096698
0.00950950950950951,1.853756460711561e-05,1.071959318615241
0.00951951951951952,1.849893703171511e-05,1.07196081709877
0.00952952952952953,1.846038754386393e-05,1.07196231255304
0.009539539539539539,1.842191599542579e-05,1.071963804983799
0.009549549549549551,1.838352223850808e-05,1.071965294396783
0.009559559559559561,1.83452061254617e-05,1.071966780797721
0.00956956956956957,1.83069675088808e-05,1.07196826419233
0.00957957957957958,1.826880624160261e-05,1.071969744586319
0.00958958958958959,1.823072217670724e-05,1.071971221985389
0.009599599599599599,1.819271516751745e-05,1.071972696395229
0.009609609609609609,1.815478506759847e-05,1.071974167821519
0.009619619619619619,1.811693173075776e-05,1.071975636269931
0.00962962962962963,1.807915501104486e-05,1.071977101746127
0.00963963963963964,1.804145476275114e-05,1.07197856425576
0.00964964964964965,1.800383084040957e-05,1.071980023804472
0.009659659659659659,1.796628309879461e-05,1.071981480397896
0.009669669669669669,1.792881139292189e-05,1.071982934041659
0.009679679679679679,1.78914155780481e-05,1.071984384741374
0.009689689689689689,1.785409550967072e-05,1.071985832502648
0.009699699699699698,1.781685104352786e-05,1.071987277331076
0.009709709709709712,1.777968203559799e-05,1.071988719232246
0.009719719719719721,1.774258834209986e-05,1.071990158211736
0.009729729729729731,1.770556981949213e-05,1.071991594275113
0.009739739739739741,1.766862632447328e-05,1.071993027427937
0.00974974974974975,1.763175771398138e-05,1.071994457675759
0.00975975975975976,1.759496384519387e-05,1.071995885024117
0.00976976976976977,1.755824457552735e-05,1.071997309478544
0.00977977977977978,1.752159976263741e-05,1.071998731044561
0.009789789789789789,1.748502926441838e-05,1.072000149727683
0.009799799799799801,1.744853293900314e-05,1.07200156553341
0.00980980980980981,1.741211063959778e-05,1.072002978467439
0.00981981981981982,1.737576222295321e-05,1.072004388535326
0.00982982982982983,1.733948755368011e-05,1.072005795742324
0.00983983983983984,1.730328649079775e-05,1.072007200093902
0.009849849849849849,1.726715889356103e-05,1.072008601595519
0.009859859859859859,1.723110462146032e-05,1.072010000252627
0.009869869869869869,1.719512353422118e-05,1.072011396070667
0.00987987987987988,1.715921549180415e-05,1.072012789055071
0.00988988988988989,1.712338035440455e-05,1.072014179211263
0.009899899899899901,1.70876179824522e-05,1.072015566544658
0.009909909909909911,1.705192823661123e-05,1.072016951060661
0.009919919919919921,1.701631097777982e-05,1.072018332764668
0.00992992992992993,1.698076606709002e-05,1.072019711662066
0.00993993993993994,1.694529336590747e-05,1.072021087758233
0.00994994994994995,1.69098927358312e-05,1.072022461058538
0.009959959959959961,1.687456403869339e-05,1.072023831568341
0.009969969969969971,1.683930713655917e-05,1.072025199292993
0.009979979979979981,1.680412189172635e-05,1.072026564237836
0.00998998998998999,1.676900816672521e-05,1.072027926408202
0.01,1.673396582431826e-05,1.072029285809417
0.01,1.673396582431826e-05,1.072029285809417
