"time","l2.v","act_steady","act_tau_fast","act_tau_slow","inact_steady","inact_tau","v","vc.v"
0,-0.12,2.460129473798584e-06,0.01040368865102361,0.3358143547020467,0.9995009862688349,0.0009784913353531475,-0.12,-0.12
1,-0.1189999999999998,2.767268497979249e-06,0.01094648852473251,0.3358154352466079,0.9994669316039461,0.0009912489733602307,-0.1189999999999998,-0.1189999999999998
2,-0.1179999999999996,3.112752693639297e-06,0.01151745346685069,0.3358167701917263,0.9994305542384698,0.001004051817426213,-0.1179999999999996,-0.1179999999999996
3,-0.1169999999999996,3.501369281987519e-06,0.01211802137194858,0.3358184159585462,0.9993916959393172,0.001016895266328,-0.1169999999999996,-0.1169999999999996
4,-0.1159999999999996,3.938503138746455e-06,0.01274969995413624,0.3358204406398114,0.9993501877201932,0.001029774561544596,-0.1159999999999996,-0.1159999999999996
5,-0.1149999999999996,4.430211405338043e-06,0.01341406958465923,0.3358229262200554,0.9993058491145478,0.001042684788465309,-0.1149999999999996,-0.1149999999999996
6,-0.1139999999999996,4.983307413938007e-06,0.01411278615616982,0.3358259711755217,0.9992584873998924,0.001055620877959722,-0.1139999999999996,-0.1139999999999996
7,-0.1129999999999996,5.605455088911979e-06,0.01484758395715018,0.33582969350991,0.999207896770303,0.001068577608321543,-0.1129999999999996,-0.1129999999999996
8,-0.1119999999999996,6.305275132203484e-06,0.01562027853653304,0.3358342342885811,0.9991538574537333,0.001081549607597641,-0.1119999999999996,-0.1119999999999996
9,-0.1109999999999996,7.092464463391129e-06,0.01643276953460663,0.3358397617408143,0.9990961347705442,0.0010945313563127,-0.1109999999999996,-0.1109999999999996
10,-0.1099999999999996,7.97793056862135e-06,0.01728704345173358,0.335846476007067,0.9990344781294541,0.001107517190598945,-0.1099999999999996,-0.1099999999999996
11,-0.1089999999999996,8.973942618986303e-06,0.01818517632117892,0.3358546146158602,0.99896861995686,0.001120501305739269,-0.1089999999999996,-0.1089999999999996
12,-0.1079999999999996,1.009430145100202e-05,0.01912933624634799,0.3358644587828491,0.9988982745552497,0.00113347776013094,-0.1079999999999996,-0.1079999999999996
13,-0.1069999999999996,1.135453076284905e-05,0.02012178575588395,0.3358763406327079,0.9988231368861605,0.001146440479675716,-0.1069999999999996,-0.1069999999999996
14,-0.1059999999999996,1.277209217356271e-05,0.02116488392226783,0.3358906514525578,0.9987428812728709,0.001159383262600873,-0.1059999999999996,-0.1059999999999996
15,-0.1049999999999996,1.436662712244643e-05,0.0222610881806913,0.335907851093613,0.9986571600177181,0.001172299784714083,-0.1049999999999996,-0.1049999999999996
16,-0.1039999999999996,1.616022895716843e-05,0.02341295577491853,0.3359284786453481,0.998565601928639,0.001185183605093554,-0.1039999999999996,-0.1039999999999996
17,-0.1029999999999996,1.817774897639571e-05,0.02462314474549509,0.3359531645135403,0.9984678107492035,0.001198028172213146,-0.1029999999999996,-0.1029999999999996
18,-0.1019999999999996,2.044714066214767e-05,0.02589441436287634,0.3359826440397914,0.9983633634860772,0.00121082683050044,-0.1019999999999996,-0.1019999999999996
19,-0.1009999999999996,2.299984686475724e-05,0.02722962489370546,0.3360177728052444,0.9982518086274748,0.001223572827323895,-0.1009999999999996,-0.1009999999999996
20,-0.09999999999999964,2.587123529663786e-05,0.02863173657245178,0.3360595437648702,0.9981326642457983,0.001236259320403341,-0.09999999999999964,-0.09999999999999964
21,-0.09899999999999964,2.910108835808602e-05,0.03010380763280668,0.3361091063605123,0.9980054159772175,0.001248879385636124,-0.09899999999999964,-0.09899999999999964
22,-0.09799999999999964,3.27341540682159e-05,0.03164899123353022,0.3361677877604379,0.9978695148705171,0.001261426025329182,-0.09799999999999964,-0.09799999999999964
23,-0.09699999999999964,3.682076571704586e-05,0.03327053109177063,0.3362371163699872,0.9977243750970302,0.001273892176825335,-0.09699999999999964,-0.09699999999999964
24,-0.09599999999999966,4.141753880220493e-05,0.03497175561320814,0.3363188477515653,0.9975693715129434,0.001286270721509973,-0.09599999999999966,-0.09599999999999966
25,-0.09499999999999965,4.658815487856679e-05,0.03675607028271854,0.33641499308217,0.9974038370646472,0.001298554494182286,-0.09499999999999965,-0.09499999999999965
26,-0.09399999999999965,5.240424314575947e-05,0.03862694805170157,0.3365278502623522,0.9972270600271205,0.001310736292773068,-0.09399999999999965,-0.09399999999999965
27,-0.09299999999999967,5.894637194310484e-05,0.04058791742896062,0.3366600377714449,0.9970382810645531,0.001322808888389103,-0.09299999999999967,-0.09299999999999967
28,-0.09199999999999967,6.630516383219259e-05,0.04264254795136192,0.3368145313395076,0.9968366901014973,0.001334765035662072,-0.09199999999999967,-0.09199999999999967
29,-0.09099999999999966,7.458254964425195e-05,0.04479443267892007,0.3369947034762095,0.9966214229917638,0.001346597483377951,-0.09099999999999966,-0.09099999999999966
30,-0.08999999999999966,8.389317877538457e-05,0.04704716732711828,0.3372043658603102,0.9963915579710125,0.001358298985360931,-0.08999999999999966,-0.08999999999999966
31,-0.08899999999999966,9.436600515289746e-05,0.04940432561810761,0.3374478145500417,0.9961461118774582,0.001369862311584042,-0.08899999999999966,-0.08899999999999966
32,-0.08799999999999966,0.0001061460706986809,0.05186943040315896,0.3377298779241766,0.9958840361232735,0.001381280259476858,-0.08799999999999966,-0.08799999999999966
33,-0.08699999999999966,0.0001193965108123748,0.05444592008296462,0.3380559672055771,0.9956042123970446,0.001392545665399056,-0.08699999999999966,-0.08699999999999966
34,-0.08599999999999966,0.0001343008094230975,0.05713710983212412,0.3384321293533847,0.9953054480749176,0.001403651416246986,-0.08599999999999966,-0.08599999999999966
35,-0.08499999999999966,0.0001510653345529225,0.05994614712192958,0.338865102036677,0.9949864713147764,0.001414590461159054,-0.08499999999999966,-0.08499999999999966
36,-0.08399999999999966,0.0001699221891415811,0.06287596103448263,0.3393623703215007,0.9946459258037682,0.001425355823284417,-0.08399999999999966,-0.08399999999999966
37,-0.08299999999999966,0.0001911324161482903,0.06592920487495417,0.3399322246149795,0.9942823651246229,0.001435940611578415,-0.08299999999999966,-0.08299999999999966
38,-0.08199999999999966,0.0002149896017266673,0.06910819162183457,0.3405838193152047,0.9938942467002968,0.001446338032587208,-0.08199999999999966,-0.08199999999999966
39,-0.08099999999999967,0.0002418239256214419,0.07241482181242177,0.3413272315145802,0.9934799252693736,0.001456541402183365,-0.08099999999999967,-0.08099999999999967
40,-0.07999999999999967,0.0002720067139263082,0.07585050354831757,0.3421735189982013,0.9930376458361444,0.00146654415721359,-0.07999999999999967,-0.07999999999999967
41,-0.07899999999999967,0.000305955556042304,0.07941606442973172,0.343134776668963,0.9925655360291759,0.001476339867019424,-0.07899999999999967,-0.07899999999999967
42,-0.07799999999999967,0.00034414005516411,0.08311165539473558,0.3442241904189715,0.9920615977902664,0.001485922244791634,-0.07799999999999967,-0.07799999999999967
43,-0.07699999999999967,0.0003870882899830555,0.08693664665724934,0.3454560873543003,0.991523698301762,0.001495285158719069,-0.07699999999999967,-0.07699999999999967
44,-0.07599999999999967,0.0004353940746233571,0.09088951621226095,0.3468459811693366,0.9909495600441228,0.001504422642893086,-0.07599999999999967,-0.07599999999999967
45,-0.07499999999999966,0.0004897251142224355,0.0949677317145446,0.348410611360321,0.9903367498572421,0.00151332890792913,-0.07499999999999966,-0.07499999999999966
46,-0.07399999999999966,0.0005508321651343833,0.09916762694243611,0.3501679748679022,0.9896826668582993,0.001521998351267869,-0.07399999999999966,-0.07399999999999966
47,-0.07299999999999966,0.0006195593215919605,0.1034842745330195,0.3521373486485498,0.9889845290459087,0.001530425567119158,-0.07299999999999966,-0.07299999999999966
48,-0.07199999999999966,0.000696855564926619,0.1079113572177473,0.3543393015976745,0.988239358395209,0.001538605356013374,-0.07199999999999966,-0.07199999999999966
49,-0.07099999999999966,0.0007837877272422127,0.1124410403914643,0.3567956941866407,0.9874439642216987,0.001546532733926018,-0.07099999999999966,-0.07099999999999966
50,-0.06999999999999966,0.0008815550388924102,0.1170638495000273,0.3595296641349908,0.986594924563678,0.001554202940943073,-0.06999999999999966,-0.06999999999999966
51,-0.06899999999999966,0.0009915054483494849,0.1217685564113348,0.3625655964216562,0.9856885653049855,0.001561611449436421,-0.06899999999999966,-0.06899999999999966
52,-0.06799999999999966,0.001115153924192818,0.1265420796115171,0.3659290759482273,0.9847209367325814,0.001568753971720593,-0.06799999999999966,-0.06799999999999966
53,-0.06699999999999966,0.001254202972096938,0.1313694037020547,0.3696468212068748,0.9836877871990738,0.001575626467164272,-0.06699999999999966,-0.06699999999999966
54,-0.06599999999999966,0.001410565624949702,0.1362335242139978,0.373746597378485,0.98258453354057,0.001582225148732273,-0.06599999999999966,-0.06599999999999966
55,-0.06499999999999966,0.001586391191638821,0.1411154241417787,0.3782571073958717,0.9814062278879221,0.001588546488936178,-0.06499999999999966,-0.06499999999999966
56,-0.06399999999999965,0.001784094079622633,0.1459940887631027,0.3832078596550699,0.9801475205076136,0.001594587225174362,-0.06399999999999965,-0.06399999999999965
57,-0.06299999999999965,0.002006386038098684,0.1508465651807214,0.3886290112466646,0.978802618320895,0.001600344364444851,-0.06299999999999965,-0.06299999999999965
58,-0.06199999999999966,0.002256312202264587,0.1556480725255507,0.3945511858102158,0.9773652387805667,0.001605815187417184,-0.06199999999999966,-0.06199999999999966
59,-0.06099999999999966,0.00253729135457641,0.1603721678363699,0.401005265388712,0.9758285588386975,0.001610997251852311,-0.06099999999999966,-0.06099999999999966
60,-0.05999999999999966,0.002853160855640988,0.164990971234669,0.4080221559763886,0.9741851588206644,0.001615888395362421,-0.05999999999999966,-0.05999999999999966
61,-0.05899999999999966,0.003208226734818126,0.1694754521271022,0.4156325268110235,0.9724269611365511,0.00162048673750553,-0.05899999999999966,-0.05899999999999966
62,-0.05799999999999966,0.003607319467878998,0.1737957758127975,0.4238665238587728,0.9705451639154959,0.001624790681212546,-0.05799999999999966,-0.05799999999999966
63,-0.05699999999999966,0.004055856004952435,0.1779217071143302,0.4327534583725055,0.9685301698471764,0.00162879891354744,-0.05699999999999966,-0.05699999999999966
64,-0.05599999999999966,0.004559908644842669,0.1818230646058886,0.442321471869022,0.9663715107617765,0.001632510405804046,-0.05599999999999966,-0.05599999999999966
65,-0.05499999999999965,0.005126281379426166,0.1854702158469081,0.4525971793610131,0.9640577687790204,0.001635924412945787,-0.05499999999999965,-0.05499999999999965
66,-0.05399999999999965,0.005762594351354954,0.1888346009551942,0.4636052931894465,0.9615764952101679,0.001639040472397419,-0.05399999999999965,-0.05399999999999965
67,-0.05299999999999964,0.006477377075984411,0.1918892691117213,0.4753682303235456,0.9589141288042056,0.001641858402200492,-0.05299999999999964,-0.05299999999999964
68,-0.05199999999999964,0.007280171069536962,0.1946094104313094,0.4879057065198361,0.9560559153881094,0.001644378298546832,-0.05199999999999964,-0.05199999999999964
69,-0.05099999999999963,0.00818164249397221,0.1969728642948284,0.5012343212492101,0.9529858314550308,0.001646600532706723,-0.05099999999999963,-0.05099999999999963
70,-0.04999999999999962,0.0091937053672885,0.1989605849108508,0.5153671378010922,0.9496865147937121,0.001648525747370811,-0.04999999999999962,-0.04999999999999962
71,-0.04899999999999962,0.01032965578664008,0.2005570456779664,0.5303132634454768,0.9461392058131453,0.001650154852426865,-0.04899999999999962,-0.04899999999999962
72,-0.04799999999999962,0.01160431745918697,0.201750565880986,0.5460774349653101,0.9423237037793254,0.001651489020194529,-0.04799999999999962,-0.04799999999999962
73,-0.04699999999999962,0.01303419861800949,0.202533546298465,0.5626596152516943,0.9382183427217246,0.001652529680143011,-0.04699999999999962,-0.04699999999999962
74,-0.04599999999999962,0.01463766010094516,0.202902604245451,0.5800546069710246,0.9337999922564361,0.001653278513118306,-0.04599999999999962,-0.04599999999999962
75,-0.04499999999999962,0.01643509396903537,0.2028586031549323,0.5982516895551204,0.9290440889764794,0.001653737445107976,-0.04499999999999962,-0.04499999999999962
76,-0.04399999999999961,0.01844911151540045,0.2024065766820521,0.6172342859219657,0.9239247043388549,0.001653908640572824,-0.04399999999999961,-0.04399999999999961
77,-0.04299999999999961,0.02070473883863681,0.2015555521366679,0.6369796653960793,0.9184146550905665,0.001653794495375818,-0.04299999999999961,-0.04299999999999961
78,-0.04199999999999961,0.02322961729827223,0.2003182824628275,0.6574586892552335,0.9124856621780459,0.001653397629339556,-0.04199999999999961,-0.04199999999999961
79,-0.0409999999999996,0.02605420510244037,0.19871089968596,0.6786356051771925,0.9061085637323116,0.001652720878464221,-0.0409999999999996,-0.0409999999999996
80,-0.0399999999999996,0.02921197496822181,0.1967525055144274,0.7004678965911424,0.8992535870742856,0.001651767286838493,-0.0399999999999996,-0.0399999999999996
81,-0.0389999999999996,0.03273960121340098,0.1944647164809734,0.7229061925503054,0.8918906837047329,0.001650540098276178,-0.0389999999999996,-0.0389999999999996
82,-0.0379999999999996,0.03667712776058794,0.191871181611624,0.7458942432339527,0.8839899299036013,0.001649042747711484,-0.0379999999999996,-0.0379999999999996
83,-0.0369999999999996,0.04106810634743451,0.1889970901787479,0.7693689655601932,0.8755219938483774,0.001647278852385787,-0.0369999999999996,-0.0369999999999996
84,-0.0359999999999996,0.04595969174476198,0.1858686857723249,0.7932605626495433,0.8664586680703291,0.001645252202858544,-0.0359999999999996,-0.0359999999999996
85,-0.03499999999999959,0.05140267802016398,0.1825128009037416,0.8174927200301549,0.8567734636201083,0.00164296675387462,-0.03499999999999959,-0.03499999999999959
86,-0.03399999999999959,0.05745145692011912,0.1789564238620076,0.8419828805280298,0.8464422595512383,0.001640426615119787,-0.03399999999999959,-0.03399999999999959
87,-0.03299999999999959,0.06416387640517689,0.1752263067984197,0.8666425987515678,0.8354439983172687,0.001637636041895462,-0.03299999999999959,-0.03299999999999959
88,-0.03199999999999958,0.07160097445737756,0.1713486212297003,0.8913779749738371,0.8237614145075902,0.001634599425742972,-0.03199999999999958,-0.03199999999999958
89,-0.03099999999999958,0.07982656077139343,0.1673486644958356,0.9160901670547468,0.8113817811360962,0.0016313212850467,-0.03099999999999958,-0.03099999999999958
90,-0.02999999999999957,0.08890661722831192,0.1632506183200097,0.9406759778476075,0.7982976545886931,0.001627806255644435,-0.02999999999999957,-0.02999999999999957
91,-0.02899999999999957,0.09890848763296496,0.1590773585826334,0.965028514320877,0.7845075964941087,0.001624059081472135,-0.02899999999999957,-0.02899999999999957
92,-0.02799999999999957,0.1098998286818255,0.1548503137859237,0.9890379134179739,0.7700168483872094,0.001620084605269074,-0.02799999999999957,-0.02799999999999957
93,-0.02699999999999957,0.1219472982181097,0.1505893684597961,1.012592128498622,0.7548379332730624,0.001615887759368095,-0.02699999999999957,-0.02699999999999957
94,-0.02599999999999956,0.1351149642658245,0.1463128069252415,1.035577769077361,0.7389911572594481,0.001611473556594288,-0.02599999999999956,-0.02599999999999956
95,-0.02499999999999956,0.149462429817344,0.1420372923486317,1.057880985521664,0.7225049844785307,0.001606847081294056,-0.02499999999999956,-0.02499999999999956
96,-0.02399999999999956,0.165042684418682,0.1377778758377587,1.079388389415929,0.7054162597118666,0.00160201348051507,-0.02399999999999956,-0.02399999999999956
97,-0.02299999999999956,0.1818997144635619,0.1335480303904428,1.099987999459816,0.6877702555741338,0.001596977955356151,-0.02299999999999956,-0.02299999999999956
98,-0.02199999999999956,0.2000659294567125,0.1293597047515904,1.119570202069456,0.6696205248541591,0.00159174575250461,-0.02199999999999956,-0.02199999999999956
99,-0.02099999999999956,0.2195594902929961,0.1252233926108211,1.138028715305613,0.6510285436461869,0.001586322155977118,-0.02099999999999956,-0.02099999999999956
100,-0.01999999999999957,0.240381655874314,0.1211482130326497,1.155261544378531,0.632063137144566,0.001580712479078637,-0.01999999999999957,-0.01999999999999957
101,-0.01899999999999956,0.2625142932213798,0.117141998514828,1.171171916786942,0.6127996872553776,0.001574922056592492,-0.01899999999999956,-0.01899999999999956
102,-0.01799999999999956,0.2859177198014718,0.1132113875859359,1.18566918514676,0.5933191292519686,0.001568956237213171,-0.01799999999999956,-0.01799999999999956
103,-0.01699999999999955,0.3105290606556355,0.1093619193565211,1.198669685958144,0.5737067532443383,0.001562820376232021,-0.01699999999999955,-0.01699999999999955
104,-0.01599999999999955,0.3362613025956592,0.1055981279118145,1.210097542948704,0.5540508348559453,0.001556519828484559,-0.01599999999999955,-0.01599999999999955
105,-0.01499999999999955,0.3630032095226501,0.101923634867076,1.21988540421247,0.5344411277690015,0.001550059941566797,-0.01499999999999955,-0.01499999999999955
106,-0.01399999999999955,0.3906202247262602,0.09834123879259678,1.227975103131785,0.5149672582497146,0.001543446049326595,-0.01399999999999955,-0.01399999999999955
107,-0.01299999999999954,0.4189564283129986,0.09485300055179015,1.23431823401144,0.4957170679411428,0.001536683465634815,-0.01299999999999954,-0.01299999999999954
108,-0.01199999999999954,0.4478375442397181,0.09146032388294052,1.238876634456405,0.4767749556916441,0.001529777478439804,-0.01199999999999954,-0.01199999999999954
109,-0.01099999999999954,0.4770749084989384,0.0881640307953996,1.241622767768308,0.458220271616999,0.00152273334410757,-0.01099999999999954,-0.01099999999999954
110,-0.009999999999999539,0.5064702270409681,0.08496443154793112,1.24254,0.4401258167173957,0.001515556282048887,-0.009999999999999539,-0.009999999999999539
111,-0.00899999999999954,0.5358208794691359,0.08186138913490443,1.241622767768307,0.4225564990527109,0.00150825146963354,-0.00899999999999954,-0.00899999999999954
112,-0.007999999999999539,0.5649254723087782,0.07885437832982378,1.238876634456401,0.4055681927278547,0.001500824037390898,-0.007999999999999539,-0.007999999999999539
113,-0.006999999999999539,0.5935893212256931,0.07594253942998515,1.234318234011435,0.3892068389103614,0.001493279064495117,-0.006999999999999539,-0.006999999999999539
114,-0.005999999999999538,0.6216295485567767,0.07312472691540056,1.227975103131778,0.3735078190970244,0.00148562157453238,-0.005999999999999538,-0.005999999999999538
115,-0.004999999999999535,0.6488795198783969,0.07039955328372081,1.219885404212461,0.3584956202988002,0.001477856531546809,-0.004999999999999535,-0.004999999999999535
116,-0.003999999999999529,0.6751924056179438,0.06776542835450151,1.210097542948694,0.3441838002629809,0.001469988836360941,-0.003999999999999529,-0.003999999999999529
117,-0.002999999999999526,0.7004437321402386,0.06522059435413623,1.198669685958133,0.3305752489092541,0.001462023323166003,-0.002999999999999526,-0.002999999999999526
118,-0.001999999999999523,0.7245328709396116,0.06276315710001157,1.185669185146747,0.3176627304618704,0.00145396475637661,-0.001999999999999523,-0.001999999999999523
119,-0.0009999999999995169,0.7473834944351644,0.06039111360138364,1.171171916786928,0.3054296799390201,0.001445817827743969,-0.0009999999999995169,-0.0009999999999995169
120,4.862730359168106e-16,0.7689430941621922,0.05810237638719315,1.155261544378515,0.2938512182796977,0.00143758715372119,4.862730359168106e-16,4.862730359168106e-16
121,0.001000000000000489,0.7891817065222624,0.05589479485923304,1.138028715305597,0.2828953429177306,0.001429277273073884,0.001000000000000489,0.001000000000000489
122,0.002000000000000496,0.8080900205477085,0.0537661739541394,1.119570202069438,0.2725242453944168,0.001420892644728852,0.002000000000000496,0.002000000000000496
123,0.003000000000000499,0.8256770521017484,0.05171429038070771,1.099987999459797,0.2626957048297539,0.001412437645853367,0.003000000000000499,0.003000000000000499
124,0.004000000000000501,0.8419675624874636,0.04973690668091686,1.079388389415909,0.2533645057862298,0.001403916570157262,0.004000000000000501,0.004000000000000501
125,0.005000000000000508,0.856999380743325,0.04783178334445284,1.057880985521643,0.2444838311459835,0.001395333626409859,0.005000000000000508,0.005000000000000508
126,0.00600000000000051,0.8708207624993298,0.04599668918797829,1.03557776907734,0.2360065848336808,0.001386692937163566,0.00600000000000051,0.00600000000000051
127,0.007000000000000503,0.8834878883761197,0.04422941019227488,1.0125921284986,0.2278866051950727,0.001377998537675877,0.007000000000000503,0.007000000000000503
128,0.008000000000000503,0.8950625749867737,0.04252775697296592,0.9890379134179517,0.2200797371475737,0.001369254375021397,0.008000000000000503,0.008000000000000503
129,0.00900000000000053,0.905610244143591,0.04088957104399384,0.9650285143208539,0.212544739373272,0.001360464307385491,0.00900000000000053,0.00900000000000053
130,0.01000000000000056,0.9151981724140678,0.03931273001749767,0.9406759778475835,0.2052440113372626,0.001351632103531121,0.01000000000000056,0.01000000000000056
131,0.01100000000000057,0.9238940244112539,0.03779515186927551,0.9160901670547221,0.1981441333200643,0.00134276144243049,0.01100000000000057,0.01100000000000057
132,0.0120000000000006,0.9317646592018816,0.03633479838565121,0.891377974973812,0.1912162205390169,0.001333855913053108,0.0120000000000006,0.0120000000000006
133,0.01300000000000063,0.938875189593239,0.03492967789528487,0.8666425987515418,0.1844360994595506,0.001324919014302045,0.01300000000000063,0.01300000000000063
134,0.01400000000000065,0.94528826818791,0.03357784737824637,0.8419828805280036,0.1777843203086488,0.001315954155090176,0.01400000000000065,0.01400000000000065
135,0.01500000000000067,0.9510635712417794,0.03227741403446739,0.8174927200301287,0.1712460244368831,0.001306964654548374,0.01500000000000067,0.01500000000000067
136,0.01600000000000069,0.9562574507940022,0.03102653638444386,0.7932605626495168,0.1648106884594174,0.001297953742357772,0.01600000000000069,0.01600000000000069
137,0.01700000000000072,0.9609227265940634,0.02982342496671892,0.7693689655601667,0.1584717690504687,0.001288924559198341,0.01700000000000072,0.01700000000000072
138,0.01800000000000073,0.965108591468266,0.02866634268917137,0.7458942432339264,0.1522262729507767,0.001279880157306234,0.01800000000000073,0.01800000000000073
139,0.01900000000000076,0.9688606064963964,0.0275536048844025,0.7229061925502789,0.1460742763105436,0.00127082350113254,0.01900000000000076,0.01900000000000076
140,0.02000000000000079,0.9722207653683838,0.02648357911349062,0.700467896591116,0.1400184161075188,0.00126175746809628,0.02000000000000079,0.02000000000000079
141,0.0210000000000008,0.9752276103163983,0.02545468475700511,0.6786356051771665,0.1340633742512628,0.001252684849424715,0.0210000000000008,0.0210000000000008
142,0.02200000000000083,0.9779163849062363,0.02446539242738255,0.657458689255208,0.1282153723181648,0.001243608351074227,0.02200000000000083,0.02200000000000083
143,0.02300000000000086,0.980319211622481,0.02351422323250939,0.6369796653960541,0.1224816918606034,0.001234530594725308,0.02300000000000086,0.02300000000000086
144,0.02400000000000087,0.9824652845418863,0.0225997479165766,0.6172342859219413,0.1168702320853361,0.001225454118845371,0.02400000000000087,0.02400000000000087
145,0.0250000000000009,0.9843810694398153,0.02172058590092478,0.5982516895550966,0.1113891135650734,0.001216381379813386,0.0250000000000009,0.0250000000000009
146,0.02600000000000093,0.9860905054196683,0.02087540424463707,0.5800546069710013,0.1060463336692832,0.001207314753100552,0.02600000000000093,0.02600000000000093
147,0.02700000000000094,0.987615203613856,0.02006291654202198,0.5626596152516717,0.1008494766809336,0.001198256534501468,0.02700000000000094,0.02700000000000094
148,0.02800000000000097,0.9889746397041274,0.01928188177182232,0.5460774349652884,0.09580547917970597,0.001189208941410508,0.02800000000000097,0.02800000000000097
149,0.029000000000001,0.9901863379797786,0.01853110311095544,0.5303132634454556,0.09092044926462839,0.001180174114138344,0.029000000000001,0.029000000000001
150,0.03000000000000099,0.9912660454259836,0.01780942672380307,0.5153671378010722,0.08619953657943792,0.0011711541172638,0.03000000000000099,0.03000000000000099
151,0.03100000000000099,0.9922278949414122,0.01711574053650053,0.5012343212491913,0.0816468488894395,0.00116215094101645,0.03100000000000099,0.03100000000000099
152,0.03200000000000097,0.9930845572522662,0.01644897300429871,0.4879057065198188,0.07726541011854271,0.001153166502685625,0.03200000000000097,0.03200000000000097
153,0.03300000000000097,0.9938473814436474,0.01580809187886626,0.4753682303235295,0.07305715425555999,0.001144202648051693,0.03300000000000097,0.03300000000000097
154,0.03400000000000095,0.9945265242903536,0.015192102981345,0.4636052931894316,0.06902294933679616,0.00113526115283573,0.03400000000000095,0.03400000000000095
155,0.03500000000000095,0.9951310687562418,0.01460004898605004,0.4525971793609994,0.06516264575939364,0.001126343724163897,0.03500000000000095,0.03500000000000095
156,0.03600000000000093,0.9956691321596952,0.01403100821890241,0.4423214718690094,0.06147514342707627,0.001117452002043064,0.03600000000000093,0.03600000000000093
157,0.03700000000000093,0.9961479645853641,0.01348409347398214,0.4327534583724936,0.05795847262815668,0.00110858756084443,0.03700000000000093,0.03700000000000093
158,0.03800000000000092,0.9965740381697654,0.01295845085098084,0.4238665238587619,0.05460988404941897,0.001099751910792084,0.03800000000000092,0.03800000000000092
159,0.03900000000000092,0.9969531279090694,0.01245325861580473,0.4156325268110135,0.05142594389792089,0.001090946499453642,0.03900000000000092,0.03900000000000092
160,0.0400000000000009,0.9972903846383432,0.01196772608612151,0.4080221559763795,0.04840263070067261,0.00108217271323032,0.0400000000000009,0.0400000000000009
161,0.04100000000000089,0.9975904008181085,0.01150109254324842,0.4010052653887036,0.0455354309503989,0.001073431878843922,0.04100000000000089,0.04100000000000089
162,0.04200000000000088,0.9978572697405721,0.01105262617143826,0.3945511858102082,0.04281943134117713,0.001064725264818465,0.04200000000000088,0.04200000000000088
163,0.04300000000000089,0.9980946387376627,0.01062162302532606,0.3886290112466576,0.04024940587349597,0.001056054082954285,0.04300000000000089,0.04300000000000089
164,0.04400000000000089,0.9983057569385804,0.01020740602604766,0.3832078596550634,0.03781989659240056,0.001047419489792656,0.04400000000000089,0.04400000000000089
165,0.04500000000000089,0.9984935180878922,0.009809323986326215,0.3782571073958658,0.03552528714777205,0.001038822588069095,0.04500000000000089,0.04500000000000089
166,0.04600000000000089,0.9986604988977452,0.009426750664639359,0.3737465973784796,0.03335986872930232,0.00103026442815368,0.04600000000000089,0.04600000000000089
167,0.0470000000000009,0.998808993370536,0.009059083848424314,0.3696468212068699,0.03131789823045122,0.001021746009476855,0.0470000000000009,0.0470000000000009
168,0.0480000000000009,0.9989410434921751,0.008705744466147259,0.3659290759482228,0.02939364873817491,0.001013268281939325,0.0480000000000009,0.0480000000000009
169,0.04900000000000092,0.9990584666613862,0.008366175727953283,0.3625655964216521,0.0275814526328477,0.001004832147304767,0.04900000000000092,0.04900000000000092
170,0.05000000000000093,0.9991628801876575,0.008039842294521874,0.3595296641349871,0.0258757377211134,0.0009964384605742301,0.05000000000000093,0.05000000000000093
171,0.05100000000000093,0.9992557231596729,0.007726229473677296,0.3567956941866374,0.02427105691960964,0.0009880880313411708,0.05100000000000093,0.05100000000000093
172,0.05200000000000095,0.9993382759574431,0.007424842444241664,0.3543393015976715,0.02276211206607272,0.0009797816251262302,0.05200000000000095,0.05200000000000095
173,0.05300000000000096,0.9994116776548853,0.007135205506569046,0.3521373486485472,0.02134377246261692,0.0009715199646909246,0.05300000000000096,0.05300000000000096
174,0.05400000000000096,0.9994769415352984,0.006856861359159513,0.3501679748678999,0.02001108876002083,0.0009633037313295345,0.05400000000000096,0.05400000000000096
175,0.05500000000000098,0.9995349689199118,0.006589370400722061,0.3484106113603188,0.01875930277715953,0.0009551335661385715,0.05500000000000098,0.05500000000000098
176,0.05600000000000097,0.9995865614894084,0.006332310057032658,0.3468459811693347,0.01758385382119476,0.0009470100712632864,0.05600000000000097,0.05600000000000097
177,0.05700000000000097,0.9996324322598754,0.006085274131917796,0.3454560873542987,0.01648038203599976,0.0009389338111207566,0.05700000000000097,0.05700000000000097
178,0.05800000000000097,0.9996732153579354,0.005847872181683763,0.34422419041897,0.01544472926210703,0.0009309053135991852,0.05800000000000097,0.05800000000000097
179,0.05900000000000097,0.9997094747246971,0.00561972891230637,0.3431347766689616,0.01447293784411615,0.0009229250712330953,0.05900000000000097,0.05900000000000097
180,0.06000000000000097,0.9997417118645374,0.005400483598694569,0.3421735189982001,0.01356124777327969,0.0009149935423541831,0.06000000000000097,0.06000000000000097
181,0.06100000000000097,0.9997703727424558,0.005189789525343612,0.3413272315145792,0.01270609250564182,0.0009071111522176557,0.06100000000000097,0.06100000000000097
182,0.06200000000000096,0.9997958539226953,0.004987313447698451,0.3405838193152038,0.01190409375090815,0.00089927829410393,0.06200000000000096,0.06200000000000096
183,0.06300000000000096,0.9998185080314222,0.004792735073555623,0.3399322246149787,0.01115205548504742,0.0008914953303956293,0.06300000000000096,0.06300000000000096
184,0.06400000000000097,0.9998386486173565,0.004605746563841388,0.3393623703215,0.01044695740100351,0.0008837625936298622,0.06400000000000097,0.06400000000000097
185,0.06500000000000096,0.9998565544762847,0.004426052052115168,0.3388651020366764,0.009785947977104132,0.0008760803875258195,0.06500000000000096,0.06500000000000096
186,0.06600000000000096,0.9998724734982578,0.004253367182159751,0.3384321293533841,0.00916633731185989,0.0008684489879877539,0.06600000000000096,0.06600000000000096
187,0.06700000000000098,0.999886626089887,0.004087418663033566,0.3380559672055767,0.008585589846770185,0.0008608686440834667,0.06700000000000098,0.06700000000000098
188,0.06800000000000098,0.9998992082184646,0.003927943840974646,0.3377298779241762,0.008041317075298909,0.0008533395789984434,0.06800000000000098,0.06800000000000098
189,0.06900000000000098,0.9999103941195304,0.003774690287561076,0.3374478145500414,0.007531270316091482,0.0008458619909658253,0.06900000000000098,0.06900000000000098
190,0.07000000000000098,0.9999203387049632,0.003627415403548383,0.3372043658603099,0.007053333611470359,0.0008384360541724264,0.07000000000000098,0.07000000000000098
191,0.07100000000000098,0.9999291797046213,0.003485886037820165,0.3369947034762092,0.006605516797946625,0.0008310619196410387,0.07100000000000098,0.07100000000000098
192,0.07200000000000098,0.9999370395709278,0.003349878120904413,0.3368145313395073,0.006185948783596654,0.0008237397160892901,0.07200000000000098,0.07200000000000098
193,0.07300000000000098,0.9999440271725831,0.003219176312524184,0.3366600377714447,0.005792871057362446,0.00081646955076534,0.07300000000000098,0.07300000000000098
194,0.074000000000001,0.9999502393006939,0.003093573662667493,0.336527850262352,0.005424631447349016,0.0008092515102607237,0.074000000000001,0.074000000000001
195,0.07500000000000101,0.9999557620080595,0.002972871285677422,0.3364149930821698,0.0050796781387436,0.0008020856613006665,0.07500000000000101,0.07500000000000101
196,0.07600000000000101,0.9999606718000621,0.002856878046879408,0.3363188477515652,0.004756553956828193,0.0007949720515122118,0.07600000000000101,0.07600000000000101
197,0.07700000000000101,0.9999650366935832,0.002745410261278473,0.3362371163699871,0.004453890916486107,0.0007879107101705176,0.07700000000000101,0.07700000000000101
198,0.07800000000000101,0.999968917158545,0.002638291403874735,0.3361677877604379,0.004170405036429051,0.0007809016489236848,0.07800000000000101,0.07800000000000101
199,0.07900000000000103,0.9999723669550791,0.002535351831160737,0.3361091063605122,0.003904891413933834,0.0007739448624965003,0.07900000000000103,0.07900000000000103
200,0.08000000000000103,0.9999754338778731,0.002436428513379159,0.3360595437648701,0.003656219554041393,0.0007670403293734776,0.08000000000000103,0.08000000000000103
200,0.08000000000000103,0.9999754338778731,0.002436428513379159,0.3360595437648701,0.003656219554041393,0.0007670403293734776,0.08000000000000103,0.08000000000000103
