"time","v","der(v)","flux","flux0"
0,-0.02,0.001,-2.044104789945461e-08,-1.34944386579954e-08
0.1,-0.0199,0.001,-2.04032674029304e-08,-1.34944386579954e-08
0.2,-0.0198,0.001,-2.03655167027827e-08,-1.34944386579954e-08
0.3,-0.0197,0.001,-2.032779581540456e-08,-1.34944386579954e-08
0.4,-0.0196,0.001,-2.029010475711709e-08,-1.34944386579954e-08
0.5,-0.0195,0.001,-2.02524435441693e-08,-1.34944386579954e-08
0.6,-0.0194,0.001,-2.021481219273795e-08,-1.34944386579954e-08
0.7,-0.0193,0.001,-2.017721071892741e-08,-1.34944386579954e-08
0.8,-0.0192,0.001,-2.013963913876951e-08,-1.34944386579954e-08
0.9,-0.0191,0.001,-2.010209746822338e-08,-1.34944386579954e-08
1,-0.019,0.001,-2.006458572317527e-08,-1.34944386579954e-08
1.1,-0.0189,0.001,-2.002710391943847e-08,-1.34944386579954e-08
1.2,-0.0188,0.001,-1.998965207275311e-08,-1.34944386579954e-08
1.3,-0.0187,0.001,-1.995223019878602e-08,-1.34944386579954e-08
1.4,-0.0186,0.001,-1.991483831313057e-08,-1.34944386579954e-08
1.5,-0.0185,0.001,-1.987747643130657e-08,-1.34944386579954e-08
1.6,-0.0184,0.001,-1.984014456876007e-08,-1.34944386579954e-08
1.7,-0.0183,0.001,-1.980284274086323e-08,-1.34944386579954e-08
1.8,-0.0182,0.001,-1.976557096291419e-08,-1.34944386579954e-08
1.9,-0.0181,0.001,-1.972832925013693e-08,-1.34944386579954e-08
2,-0.018,0.001,-1.969111761768108e-08,-1.34944386579954e-08
2.1,-0.0179,0.001,-1.965393608062182e-08,-1.34944386579954e-08
2.2,-0.0178,0.001,-1.961678465395973e-08,-1.34944386579954e-08
2.3,-0.0177,0.001,-1.957966335262064e-08,-1.34944386579954e-08
2.4,-0.0176,0.001,-1.954257219145547e-08,-1.34944386579954e-08
2.5,-0.0175,0.001,-1.950551118524014e-08,-1.34944386579954e-08
2.6,-0.0174,0.001,-1.946848034867537e-08,-1.34944386579954e-08
2.7,-0.0173,0.001,-1.94314796963866e-08,-1.34944386579954e-08
2.8,-0.0172,0.001,-1.939450924292378e-08,-1.34944386579954e-08
2.9,-0.0171,0.001,-1.935756900276128e-08,-1.34944386579954e-08
3,-0.017,0.001,-1.932065899029778e-08,-1.34944386579954e-08
3.1,-0.0169,0.001,-1.928377921985604e-08,-1.34944386579954e-08
3.2,-0.0168,0.001,-1.924692970568286e-08,-1.34944386579954e-08
3.3,-0.0167,0.001,-1.921011046194888e-08,-1.34944386579954e-08
3.4,-0.0166,0.001,-1.917332150274848e-08,-1.34944386579954e-08
3.5,-0.0165,0.001,-1.913656284209962e-08,-1.34944386579954e-08
3.6,-0.0164,0.001,-1.909983449394372e-08,-1.34944386579954e-08
3.7,-0.0163,0.001,-1.906313647214554e-08,-1.34944386579954e-08
3.8,-0.0162,0.001,-1.902646879049301e-08,-1.34944386579954e-08
3.9,-0.0161,0.001,-1.898983146269714e-08,-1.34944386579954e-08
4,-0.016,0.001,-1.895322450239185e-08,-1.34944386579954e-08
4.1,-0.0159,0.001,-1.891664792313386e-08,-1.34944386579954e-08
4.2,-0.0158,0.001,-1.888010173840259e-08,-1.34944386579954e-08
4.3,-0.0157,0.001,-1.884358596159995e-08,-1.34944386579954e-08
4.4,-0.0156,0.001,-1.880710060605029e-08,-1.34944386579954e-08
4.5,-0.0155,0.001,-1.877064568500024e-08,-1.34944386579954e-08
4.6,-0.0154,0.001,-1.873422121161857e-08,-1.34944386579954e-08
4.7,-0.0153,0.001,-1.869782719899609e-08,-1.34944386579954e-08
4.8,-0.0152,0.001,-1.866146366014551e-08,-1.34944386579954e-08
4.9,-0.0151,0.001,-1.862513060800131e-08,-1.34944386579954e-08
5,-0.015,0.001,-1.858882805541962e-08,-1.34944386579954e-08
5.1,-0.0149,0.001,-1.855255601517812e-08,-1.34944386579954e-08
5.2,-0.0148,0.001,-1.851631449997586e-08,-1.34944386579954e-08
5.3,-0.0147,0.001,-1.848010352243321e-08,-1.34944386579954e-08
5.4,-0.0146,0.001,-1.844392309509168e-08,-1.34944386579954e-08
5.5,-0.0145,0.001,-1.84077732304138e-08,-1.34944386579954e-08
5.6,-0.0144,0.001,-1.837165394078306e-08,-1.34944386579954e-08
5.7,-0.0143,0.001,-1.833556523850372e-08,-1.34944386579954e-08
5.8,-0.0142,0.001,-1.829950713580073e-08,-1.34944386579954e-08
5.9,-0.0141,0.001,-1.82634796448196e-08,-1.34944386579954e-08
6,-0.014,0.001,-1.822748277762629e-08,-1.34944386579954e-08
6.1,-0.0139,0.001,-1.819151654620709e-08,-1.34944386579954e-08
6.2,-0.0138,0.001,-1.815558096246848e-08,-1.34944386579954e-08
6.3,-0.0137,0.001,-1.811967603823705e-08,-1.34944386579954e-08
6.4,-0.0136,0.001,-1.808380178525938e-08,-1.34944386579954e-08
6.5,-0.0135,0.001,-1.804795821520191e-08,-1.34944386579954e-08
6.6,-0.0134,0.001,-1.801214533965084e-08,-1.34944386579954e-08
6.7,-0.0133,0.001,-1.797636317011199e-08,-1.34944386579954e-08
6.8,-0.0132,0.001,-1.794061171801074e-08,-1.34944386579954e-08
6.9,-0.0131,0.001,-1.790489099469187e-08,-1.34944386579954e-08
7,-0.013,0.001,-1.786920101141947e-08,-1.34944386579954e-08
7.1,-0.0129,0.001,-1.783354177937684e-08,-1.34944386579954e-08
7.2,-0.0128,0.001,-1.779791330966636e-08,-1.34944386579954e-08
7.3,-0.0127,0.001,-1.776231561330939e-08,-1.34944386579954e-08
7.4,-0.0126,0.001,-1.772674870124618e-08,-1.34944386579954e-08
7.5,-0.0125,0.001,-1.769121258433573e-08,-1.34944386579954e-08
7.6,-0.0124,0.001,-1.765570727335572e-08,-1.34944386579954e-08
7.7,-0.0123,0.001,-1.762023277900237e-08,-1.34944386579954e-08
7.8,-0.0122,0.001,-1.758478911189038e-08,-1.34944386579954e-08
7.9,-0.0121,0.001,-1.754937628255276e-08,-1.34944386579954e-08
8,-0.012,0.001,-1.751399430144079e-08,-1.34944386579954e-08
8.1,-0.0119,0.001,-1.747864317892391e-08,-1.34944386579954e-08
8.199999999999999,-0.0118,0.001,-1.744332292528958e-08,-1.34944386579954e-08
8.300000000000001,-0.0117,0.001,-1.740803355074319e-08,-1.34944386579954e-08
8.4,-0.0116,0.001,-1.737277506540803e-08,-1.34944386579954e-08
8.5,-0.0115,0.001,-1.733754747932506e-08,-1.34944386579954e-08
8.6,-0.0114,0.001,-1.730235080245295e-08,-1.34944386579954e-08
8.699999999999999,-0.0113,0.001,-1.726718504466788e-08,-1.34944386579954e-08
8.800000000000001,-0.0112,0.001,-1.723205021576348e-08,-1.34944386579954e-08
8.9,-0.0111,0.001,-1.719694632545077e-08,-1.34944386579954e-08
9,-0.011,0.001,-1.7161873383358e-08,-1.34944386579954e-08
9.1,-0.0109,0.001,-1.712683139903058e-08,-1.34944386579954e-08
9.199999999999999,-0.0108,0.001,-1.709182038193104e-08,-1.34944386579954e-08
9.300000000000001,-0.0107,0.001,-1.705684034143883e-08,-1.34944386579954e-08
9.4,-0.0106,0.001,-1.702189128685033e-08,-1.34944386579954e-08
9.5,-0.0105,0.001,-1.698697322737869e-08,-1.34944386579954e-08
9.6,-0.0104,0.001,-1.695208617215379e-08,-1.34944386579954e-08
9.699999999999999,-0.0103,0.001,-1.69172301302221e-08,-1.34944386579954e-08
9.800000000000001,-0.0102,0.001,-1.688240511054665e-08,-1.34944386579954e-08
9.9,-0.0101,0.001,-1.684761112200688e-08,-1.34944386579954e-08
10,-0.009999999999999998,0.001,-1.681284817339858e-08,-1.34944386579954e-08
10.1,-0.009899999999999999,0.001,-1.677811627343384e-08,-1.34944386579954e-08
10.2,-0.0098,0.001,-1.674341543074091e-08,-1.34944386579954e-08
10.3,-0.009699999999999999,0.001,-1.670874565386411e-08,-1.34944386579954e-08
10.4,-0.009599999999999997,0.001,-1.667410695126382e-08,-1.34944386579954e-08
10.5,-0.009499999999999998,0.001,-1.663949933131631e-08,-1.34944386579954e-08
10.6,-0.009399999999999999,0.001,-1.66049228023137e-08,-1.34944386579954e-08
10.7,-0.009299999999999999,0.001,-1.65703773724639e-08,-1.34944386579954e-08
10.8,-0.009199999999999998,0.001,-1.653586304989045e-08,-1.34944386579954e-08
10.9,-0.009099999999999999,0.001,-1.650137984263256e-08,-1.34944386579954e-08
11,-0.008999999999999998,0.001,-1.64669277586449e-08,-1.34944386579954e-08
11.1,-0.008899999999999998,0.001,-1.643250680579762e-08,-1.34944386579954e-08
11.2,-0.008799999999999999,0.001,-1.639811699187624e-08,-1.34944386579954e-08
11.3,-0.008699999999999998,0.001,-1.636375832458155e-08,-1.34944386579954e-08
11.4,-0.008599999999999998,0.001,-1.632943081152955e-08,-1.34944386579954e-08
11.5,-0.008499999999999999,0.001,-1.629513446025141e-08,-1.34944386579954e-08
11.6,-0.008399999999999999,0.001,-1.626086927819334e-08,-1.34944386579954e-08
11.7,-0.0083,0.001,-1.622663527271654e-08,-1.34944386579954e-08
11.8,-0.008199999999999999,0.001,-1.619243245109714e-08,-1.34944386579954e-08
11.9,-0.008099999999999998,0.001,-1.615826082052611e-08,-1.34944386579954e-08
12,-0.007999999999999998,0.001,-1.612412038810919e-08,-1.34944386579954e-08
12.1,-0.007899999999999999,0.001,-1.609001116086683e-08,-1.34944386579954e-08
12.2,-0.0078,0.001,-1.605593314573411e-08,-1.34944386579954e-08
12.3,-0.007699999999999998,0.001,-1.602188634956069e-08,-1.34944386579954e-08
12.4,-0.007599999999999998,0.001,-1.598787077911072e-08,-1.34944386579954e-08
12.5,-0.007499999999999999,0.001,-1.595388644106277e-08,-1.34944386579954e-08
12.6,-0.007399999999999999,0.001,-1.591993334200979e-08,-1.34944386579954e-08
12.7,-0.007299999999999999,0.001,-1.588601148845903e-08,-1.34944386579954e-08
12.8,-0.007199999999999998,0.001,-1.585212088683197e-08,-1.34944386579954e-08
12.9,-0.007099999999999999,0.001,-1.581826154346426e-08,-1.34944386579954e-08
13,-0.006999999999999998,0.001,-1.578443346460565e-08,-1.34944386579954e-08
13.1,-0.006899999999999999,0.001,-1.575063665641999e-08,-1.34944386579954e-08
13.2,-0.006800000000000001,0.001,-1.571687112498503e-08,-1.34944386579954e-08
13.3,-0.0067,0.001,-1.568313687629253e-08,-1.34944386579954e-08
13.4,-0.006599999999999999,0.001,-1.564943391624805e-08,-1.34944386579954e-08
13.5,-0.006500000000000001,0.001,-1.561576225067099e-08,-1.34944386579954e-08
13.6,-0.0064,0.001,-1.55821218852945e-08,-1.34944386579954e-08
13.7,-0.006300000000000001,0.001,-1.554851282576542e-08,-1.34944386579954e-08
13.8,-0.0062,0.001,-1.551493507764423e-08,-1.34944386579954e-08
13.9,-0.006099999999999999,0.001,-1.548138864640496e-08,-1.34944386579954e-08
14,-0.006000000000000001,0.001,-1.544787353743523e-08,-1.34944386579954e-08
14.1,-0.005900000000000002,0.001,-1.541438975603607e-08,-1.34944386579954e-08
14.2,-0.0058,0.001,-1.538093730742196e-08,-1.34944386579954e-08
14.3,-0.005699999999999999,0.001,-1.534751619672076e-08,-1.34944386579954e-08
14.4,-0.0056,0.001,-1.531412642897362e-08,-1.34944386579954e-08
14.5,-0.005500000000000001,0.001,-1.528076800913499e-08,-1.34944386579954e-08
14.6,-0.005400000000000001,0.001,-1.52474409420725e-08,-1.34944386579954e-08
14.7,-0.0053,0.001,-1.521414523256698e-08,-1.34944386579954e-08
14.8,-0.005199999999999999,0.001,-1.518088088531239e-08,-1.34944386579954e-08
14.9,-0.005099999999999999,0.001,-1.514764790491573e-08,-1.34944386579954e-08
15,-0.005,0.001,-1.511444629589706e-08,-1.34944386579954e-08
15.1,-0.004900000000000001,0.001,-1.508127606268939e-08,-1.34944386579954e-08
15.2,-0.004800000000000001,0.001,-1.504813720963873e-08,-1.34944386579954e-08
15.3,-0.0047,0.001,-1.501502974100394e-08,-1.34944386579954e-08
15.4,-0.004599999999999999,0.001,-1.498195366095675e-08,-1.34944386579954e-08
15.5,-0.004500000000000001,0.001,-1.49489089735817e-08,-1.34944386579954e-08
15.6,-0.0044,0.001,-1.491589568287609e-08,-1.34944386579954e-08
15.7,-0.004300000000000001,0.001,-1.488291379275e-08,-1.34944386579954e-08
15.8,-0.0042,0.001,-1.484996330702614e-08,-1.34944386579954e-08
15.9,-0.004099999999999999,0.001,-1.481704422943994e-08,-1.34944386579954e-08
16,-0.004000000000000001,0.001,-1.478415656363939e-08,-1.34944386579954e-08
16.1,-0.0039,0.001,-1.475130031318509e-08,-1.34944386579954e-08
16.2,-0.0038,0.001,-1.47184754815502e-08,-1.34944386579954e-08
16.3,-0.003699999999999999,0.001,-1.468568207212036e-08,-1.34944386579954e-08
16.4,-0.003600000000000002,0.001,-1.465292008819373e-08,-1.34944386579954e-08
16.5,-0.003500000000000001,0.001,-1.462018953298086e-08,-1.34944386579954e-08
16.6,-0.003399999999999999,0.001,-1.458749040960477e-08,-1.34944386579954e-08
16.7,-0.0033,0.001,-1.455482272110084e-08,-1.34944386579954e-08
16.8,-0.003199999999999999,0.001,-1.452218647041678e-08,-1.34944386579954e-08
16.9,-0.003100000000000003,0.001,-1.448958166041265e-08,-1.34944386579954e-08
17,-0.003,0.001,-1.44570082938608e-08,-1.34944386579954e-08
17.1,-0.002899999999999999,0.001,-1.442446637344584e-08,-1.34944386579954e-08
17.2,-0.002800000000000001,0.001,-1.439195590176462e-08,-1.34944386579954e-08
17.3,-0.002699999999999998,0.001,-1.435947688132622e-08,-1.34944386579954e-08
17.4,-0.002600000000000002,0.001,-1.432702931455185e-08,-1.34944386579954e-08
17.5,-0.002500000000000001,0.001,-1.429461320377498e-08,-1.34944386579954e-08
17.6,-0.002399999999999998,0.001,-1.426222855124114e-08,-1.34944386579954e-08
17.7,-0.002300000000000001,0.001,-1.422987535910802e-08,-1.34944386579954e-08
17.8,-0.0022,0.001,-1.419755362944539e-08,-1.34944386579954e-08
17.9,-0.002100000000000002,0.001,-1.416526336423509e-08,-1.34944386579954e-08
18,-0.002000000000000001,0.001,-1.413300456537106e-08,-1.34944386579954e-08
18.1,-0.0019,0.001,-1.41007772346592e-08,-1.34944386579954e-08
18.2,-0.0018,0.001,-1.406858137381751e-08,-1.34944386579954e-08
18.3,-0.001699999999999999,0.001,-1.403641698447595e-08,-1.34944386579954e-08
18.4,-0.001600000000000002,0.001,-1.400428406817646e-08,-1.34944386579954e-08
18.5,-0.0015,0.001,-1.3972182626373e-08,-1.34944386579954e-08
18.6,-0.001399999999999999,0.001,-1.39401126604314e-08,-1.34944386579954e-08
18.7,-0.001300000000000001,0.001,-1.390807417162951e-08,-1.34944386579954e-08
18.8,-0.001199999999999999,0.001,-1.38760671611571e-08,-1.34944386579954e-08
18.9,-0.001100000000000002,0.001,-1.384409163011582e-08,-1.34944386579954e-08
19,-0.001000000000000001,0.001,-1.381214757951921e-08,-1.34944386579954e-08
19.1,-0.0008999999999999989,0.001,-1.378023501029283e-08,-1.34944386579954e-08
19.2,-0.0008000000000000004,0.001,-1.374835392327401e-08,-1.34944386579954e-08
19.3,-0.0006999999999999992,0.001,-1.371650431921191e-08,-1.34944386579954e-08
19.4,-0.0006000000000000016,0.001,-1.36846861987678e-08,-1.34944386579954e-08
19.5,-0.0005000000000000004,0.001,-1.365289956251448e-08,-1.34944386579954e-08
19.6,-0.0003999999999999993,0.001,-1.362114441093688e-08,-1.34944386579954e-08
19.7,-0.0003000000000000008,0.001,-1.35894207444318e-08,-1.34944386579954e-08
19.8,-0.0001999999999999997,0.001,-1.355772856330764e-08,-1.34944386579954e-08
19.9,-0.000100000000000002,0.001,-1.352606786778486e-08,-1.34944386579954e-08
20,0,0.001,-1.34944386579954e-08,-1.34944386579954e-08
20.1,0.0001000000000000011,0.001,-1.34628409339839e-08,-1.34944386579954e-08
20.2,0.0001999999999999988,0.001,-1.343127469570555e-08,-1.34944386579954e-08
20.3,0.0002999999999999999,0.001,-1.339973994302901e-08,-1.34944386579954e-08
20.4,0.0003999999999999984,0.001,-1.336823667573322e-08,-1.34944386579954e-08
20.5,0.0004999999999999996,0.001,-1.333676489350971e-08,-1.34944386579954e-08
20.6,0.0006000000000000007,0.001,-1.330532459596207e-08,-1.34944386579954e-08
20.7,0.0006999999999999992,0.001,-1.327391578260534e-08,-1.34944386579954e-08
20.8,0.0008000000000000004,0.001,-1.324253845286644e-08,-1.34944386579954e-08
20.9,0.000899999999999998,0.001,-1.321119260608435e-08,-1.34944386579954e-08
21,0.001,0.001,-1.317987824150977e-08,-1.34944386579954e-08
21.1,0.001100000000000001,0.001,-1.31485953583054e-08,-1.34944386579954e-08
21.2,0.001199999999999999,0.001,-1.311734395554572e-08,-1.34944386579954e-08
21.3,0.001300000000000001,0.001,-1.308612403221719e-08,-1.34944386579954e-08
21.4,0.001399999999999998,0.001,-1.305493558721814e-08,-1.34944386579954e-08
21.5,0.0015,0.001,-1.302377861935877e-08,-1.34944386579954e-08
21.6,0.001600000000000002,0.001,-1.299265312736129e-08,-1.34944386579954e-08
21.7,0.001699999999999999,0.001,-1.296155910985984e-08,-1.34944386579954e-08
21.8,0.0018,0.001,-1.293049656540046e-08,-1.34944386579954e-08
21.9,0.001899999999999998,0.001,-1.289946549244121e-08,-1.34944386579954e-08
22,0.002,0.001,-1.286846588935212e-08,-1.34944386579954e-08
22.1,0.002100000000000001,0.001,-1.28374977544152e-08,-1.34944386579954e-08
22.2,0.002199999999999999,0.001,-1.280656108582456e-08,-1.34944386579954e-08
22.3,0.002300000000000001,0.001,-1.277565588168623e-08,-1.34944386579954e-08
22.4,0.002399999999999998,0.001,-1.274478214001841e-08,-1.34944386579954e-08
22.5,0.0025,0.001,-1.271393985875129e-08,-1.34944386579954e-08
22.6,0.002600000000000001,0.001,-1.268312903572723e-08,-1.34944386579954e-08
22.7,0.002699999999999999,0.001,-1.265234966870065e-08,-1.34944386579954e-08
22.8,0.0028,0.001,-1.26216017553381e-08,-1.34944386579954e-08
22.9,0.002899999999999998,0.001,-1.259088529321839e-08,-1.34944386579954e-08
23,0.003,0.001,-1.256020027983239e-08,-1.34944386579954e-08
23.1,0.003100000000000001,0.001,-1.25295467125833e-08,-1.34944386579954e-08
23.2,0.003199999999999999,0.001,-1.249892458878647e-08,-1.34944386579954e-08
23.3,0.0033,0.001,-1.246833390566958e-08,-1.34944386579954e-08
23.4,0.003399999999999999,0.001,-1.243777466037258e-08,-1.34944386579954e-08
23.5,0.0035,0.001,-1.240724684994771e-08,-1.34944386579954e-08
23.6,0.003600000000000001,0.001,-1.237675047135964e-08,-1.34944386579954e-08
23.7,0.003699999999999999,0.001,-1.234628552148533e-08,-1.34944386579954e-08
23.8,0.003800000000000001,0.001,-1.231585199711422e-08,-1.34944386579954e-08
23.9,0.003899999999999999,0.001,-1.228544989494816e-08,-1.34944386579954e-08
24,0.004,0.001,-1.22550792116015e-08,-1.34944386579954e-08
24.1,0.004100000000000001,0.001,-1.222473994360111e-08,-1.34944386579954e-08
24.2,0.004199999999999999,0.001,-1.219443208738637e-08,-1.34944386579954e-08
24.3,0.004300000000000001,0.001,-1.216415563930928e-08,-1.34944386579954e-08
24.4,0.004399999999999999,0.001,-1.213391059563444e-08,-1.34944386579954e-08
24.5,0.004500000000000001,0.001,-1.210369695253909e-08,-1.34944386579954e-08
24.6,0.004600000000000002,0.001,-1.207351470611319e-08,-1.34944386579954e-08
24.7,0.004699999999999999,0.001,-1.204336385235944e-08,-1.34944386579954e-08
24.8,0.0048,0.001,-1.201324438719328e-08,-1.34944386579954e-08
24.9,0.004899999999999998,0.001,-1.198315630644299e-08,-1.34944386579954e-08
25,0.005,0.001,-1.19530996058497e-08,-1.34944386579954e-08
25.1,0.005100000000000001,0.001,-1.192307428106743e-08,-1.34944386579954e-08
25.2,0.0052,0.001,-1.189308032766314e-08,-1.34944386579954e-08
25.3,0.005300000000000001,0.001,-1.18631177411168e-08,-1.34944386579954e-08
25.4,0.005399999999999999,0.001,-1.183318651682136e-08,-1.34944386579954e-08
25.5,0.0055,0.001,-1.180328665008289e-08,-1.34944386579954e-08
25.6,0.005600000000000002,0.001,-1.177341813612059e-08,-1.34944386579954e-08
25.7,0.005699999999999999,0.001,-1.174358097006678e-08,-1.34944386579954e-08
25.8,0.0058,0.001,-1.171377514696704e-08,-1.34944386579954e-08
25.9,0.005899999999999999,0.001,-1.16840006617802e-08,-1.34944386579954e-08
26,0.006,0.001,-1.165425750937841e-08,-1.34944386579954e-08
26.1,0.006100000000000001,0.001,-1.16245456845472e-08,-1.34944386579954e-08
26.2,0.0062,0.001,-1.159486518198551e-08,-1.34944386579954e-08
26.3,0.0063,0.001,-1.156521599630576e-08,-1.34944386579954e-08
26.4,0.006399999999999996,0.001,-1.15355981220339e-08,-1.34944386579954e-08
26.5,0.006499999999999995,0.001,-1.150601155360944e-08,-1.34944386579954e-08
26.6,0.006599999999999998,0.001,-1.147645628538554e-08,-1.34944386579954e-08
26.7,0.006699999999999998,0.001,-1.144693231162908e-08,-1.34944386579954e-08
26.8,0.0068,0.001,-1.141743962652065e-08,-1.34944386579954e-08
26.9,0.006899999999999996,0.001,-1.138797822415465e-08,-1.34944386579954e-08
27,0.006999999999999996,0.001,-1.135854809853937e-08,-1.34944386579954e-08
27.1,0.007099999999999999,0.001,-1.132914924359702e-08,-1.34944386579954e-08
27.2,0.007199999999999998,0.001,-1.129978165316378e-08,-1.34944386579954e-08
27.3,0.007299999999999997,0.001,-1.12704453209899e-08,-1.34944386579954e-08
27.4,0.007399999999999997,0.001,-1.124114024073972e-08,-1.34944386579954e-08
27.5,0.007499999999999996,0.001,-1.121186640599175e-08,-1.34944386579954e-08
27.6,0.007599999999999999,0.001,-1.118262381023875e-08,-1.34944386579954e-08
27.7,0.007699999999999995,0.001,-1.115341244688778e-08,-1.34944386579954e-08
27.8,0.007799999999999998,0.001,-1.112423230926025e-08,-1.34944386579954e-08
27.9,0.007899999999999997,0.001,-1.109508339059202e-08,-1.34944386579954e-08
28,0.007999999999999997,0.001,-1.106596568403343e-08,-1.34944386579954e-08
28.1,0.0081,0.001,-1.103687918264941e-08,-1.34944386579954e-08
28.2,0.008199999999999995,0.001,-1.10078238794195e-08,-1.34944386579954e-08
28.3,0.008299999999999998,0.001,-1.097879976723795e-08,-1.34944386579954e-08
28.4,0.008399999999999998,0.001,-1.09498068389138e-08,-1.34944386579954e-08
28.5,0.008499999999999997,0.001,-1.092084508717092e-08,-1.34944386579954e-08
28.6,0.0086,0.001,-1.089191450464812e-08,-1.34944386579954e-08
28.7,0.008699999999999996,0.001,-1.086301508389916e-08,-1.34944386579954e-08
28.8,0.008799999999999995,0.001,-1.083414681739291e-08,-1.34944386579954e-08
28.9,0.008899999999999998,0.001,-1.080530969751334e-08,-1.34944386579954e-08
29,0.008999999999999998,0.001,-1.077650371655967e-08,-1.34944386579954e-08
29.1,0.0091,0.001,-1.074772886674639e-08,-1.34944386579954e-08
29.2,0.009199999999999996,0.001,-1.071898514020334e-08,-1.34944386579954e-08
29.3,0.009299999999999996,0.001,-1.069027252897583e-08,-1.34944386579954e-08
29.4,0.009399999999999999,0.001,-1.066159102502469e-08,-1.34944386579954e-08
29.5,0.009499999999999998,0.001,-1.063294062022635e-08,-1.34944386579954e-08
29.6,0.009600000000000001,0.001,-1.060432130637292e-08,-1.34944386579954e-08
29.7,0.009699999999999997,0.001,-1.057573307517226e-08,-1.34944386579954e-08
29.8,0.009799999999999996,0.001,-1.054717591824811e-08,-1.34944386579954e-08
29.9,0.009899999999999996,0.001,-1.05186498271401e-08,-1.34944386579954e-08
30,0.009999999999999998,0.001,-1.049015479330389e-08,-1.34944386579954e-08
30.1,0.0101,0.001,-1.046169080811123e-08,-1.34944386579954e-08
30.2,0.0102,0.001,-1.043325786285006e-08,-1.34944386579954e-08
30.3,0.0103,0.001,-1.040485594872457e-08,-1.34944386579954e-08
30.4,0.0104,0.001,-1.037648505685531e-08,-1.34944386579954e-08
30.5,0.0105,0.001,-1.034814517827926e-08,-1.34944386579954e-08
30.6,0.0106,0.001,-1.031983630394995e-08,-1.34944386579954e-08
30.7,0.0107,0.001,-1.029155842473751e-08,-1.34944386579954e-08
30.8,0.0108,0.001,-1.026331153142877e-08,-1.34944386579954e-08
30.9,0.0109,0.001,-1.023509561472737e-08,-1.34944386579954e-08
31,0.011,0.001,-1.020691066525383e-08,-1.34944386579954e-08
31.1,0.0111,0.001,-1.017875667354566e-08,-1.34944386579954e-08
31.2,0.0112,0.001,-1.015063363005742e-08,-1.34944386579954e-08
31.3,0.0113,0.001,-1.012254152516087e-08,-1.34944386579954e-08
31.4,0.0114,0.001,-1.0094480349145e-08,-1.34944386579954e-08
31.5,0.0115,0.001,-1.006645009221617e-08,-1.34944386579954e-08
31.6,0.0116,0.001,-1.003845074449818e-08,-1.34944386579954e-08
31.7,0.0117,0.001,-1.00104822960324e-08,-1.34944386579954e-08
31.8,0.0118,0.001,-9.982544736777834e-09,-1.34944386579954e-08
31.9,0.0119,0.001,-9.954638056611223e-09,-1.34944386579954e-08
32,0.012,0.001,-9.926762245327157e-09,-1.34944386579954e-08
32.1,0.0121,0.001,-9.89891729263817e-09,-1.34944386579954e-08
32.2,0.0122,0.001,-9.871103188174845e-09,-1.34944386579954e-08
32.3,0.01229999999999999,0.001,-9.843319921485898e-09,-1.34944386579954e-08
32.4,0.0124,0.001,-9.815567482038297e-09,-1.34944386579954e-08
32.5,0.0125,0.001,-9.787845859217357e-09,-1.34944386579954e-08
32.6,0.0126,0.001,-9.760155042326861e-09,-1.34944386579954e-08
32.7,0.0127,0.001,-9.732495020589127e-09,-1.34944386579954e-08
32.8,0.0128,0.001,-9.704865783145146e-09,-1.34944386579954e-08
32.9,0.0129,0.001,-9.67726731905468e-09,-1.34944386579954e-08
33,0.013,0.001,-9.649699617296367e-09,-1.34944386579954e-08
33.1,0.0131,0.001,-9.622162666767819e-09,-1.34944386579954e-08
33.2,0.0132,0.001,-9.594656456285742e-09,-1.34944386579954e-08
33.3,0.0133,0.001,-9.567180974586049e-09,-1.34944386579954e-08
33.4,0.0134,0.001,-9.539736210323949e-09,-1.34944386579954e-08
33.5,0.0135,0.001,-9.512322152074076e-09,-1.34944386579954e-08
33.6,0.0136,0.001,-9.484938788330595e-09,-1.34944386579954e-08
33.7,0.0137,0.001,-9.457586107507316e-09,-1.34944386579954e-08
33.8,0.01379999999999999,0.001,-9.430264097937796e-09,-1.34944386579954e-08
33.9,0.0139,0.001,-9.402972747875456e-09,-1.34944386579954e-08
34,0.014,0.001,-9.375712045493718e-09,-1.34944386579954e-08
34.1,0.0141,0.001,-9.348481978886078e-09,-1.34944386579954e-08
34.2,0.0142,0.001,-9.321282536066261e-09,-1.34944386579954e-08
34.3,0.01429999999999999,0.001,-9.294113704968307e-09,-1.34944386579954e-08
34.4,0.0144,0.001,-9.266975473446698e-09,-1.34944386579954e-08
34.5,0.0145,0.001,-9.239867829276494e-09,-1.34944386579954e-08
34.6,0.0146,0.001,-9.21279076015342e-09,-1.34944386579954e-08
34.7,0.0147,0.001,-9.185744253694011e-09,-1.34944386579954e-08
34.8,0.01479999999999999,0.001,-9.158728297435716e-09,-1.34944386579954e-08
34.9,0.0149,0.001,-9.131742878837019e-09,-1.34944386579954e-08
35,0.015,0.001,-9.104787985277578e-09,-1.34944386579954e-08
35.1,0.0151,0.001,-9.077863604058312e-09,-1.34944386579954e-08
35.2,0.0152,0.001,-9.050969722401566e-09,-1.34944386579954e-08
35.3,0.01529999999999999,0.001,-9.024106327451204e-09,-1.34944386579954e-08
35.4,0.0154,0.001,-8.997273406272739e-09,-1.34944386579954e-08
35.5,0.0155,0.001,-8.970470945853463e-09,-1.34944386579954e-08
35.6,0.0156,0.001,-8.943698933102564e-09,-1.34944386579954e-08
35.7,0.0157,0.001,-8.916957354851277e-09,-1.34944386579954e-08
35.8,0.01579999999999999,0.001,-8.890246197852971e-09,-1.34944386579954e-08
35.9,0.0159,0.001,-8.863565448783299e-09,-1.34944386579954e-08
36,0.016,0.001,-8.836915094240331e-09,-1.34944386579954e-08
36.1,0.0161,0.001,-8.810295120744675e-09,-1.34944386579954e-08
36.2,0.0162,0.001,-8.783705514739602e-09,-1.34944386579954e-08
36.3,0.0163,0.001,-8.757146262591186e-09,-1.34944386579954e-08
36.4,0.0164,0.001,-8.730617350588422e-09,-1.34944386579954e-08
36.5,0.0165,0.001,-8.70411876494337e-09,-1.34944386579954e-08
36.6,0.0166,0.001,-8.677650491791282e-09,-1.34944386579954e-08
36.7,0.0167,0.001,-8.651212517190738e-09,-1.34944386579954e-08
36.8,0.0168,0.001,-8.62480482712377e-09,-1.34944386579954e-08
36.9,0.0169,0.001,-8.598427407496004e-09,-1.34944386579954e-08
37,0.017,0.001,-8.57208024413679e-09,-1.34944386579954e-08
37.1,0.0171,0.001,-8.545763322799351e-09,-1.34944386579954e-08
37.2,0.0172,0.001,-8.519476629160894e-09,-1.34944386579954e-08
37.3,0.0173,0.001,-8.493220148822773e-09,-1.34944386579954e-08
37.4,0.0174,0.001,-8.466993867310605e-09,-1.34944386579954e-08
37.5,0.0175,0.001,-8.440797770074423e-09,-1.34944386579954e-08
37.6,0.0176,0.001,-8.414631842488805e-09,-1.34944386579954e-08
37.7,0.0177,0.001,-8.388496069853023e-09,-1.34944386579954e-08
37.8,0.0178,0.001,-8.362390437391172e-09,-1.34944386579954e-08
37.9,0.0179,0.001,-8.336314930252313e-09,-1.34944386579954e-08
38,0.018,0.001,-8.310269533510626e-09,-1.34944386579954e-08
38.1,0.0181,0.001,-8.284254232165528e-09,-1.34944386579954e-08
38.2,0.0182,0.001,-8.258269011141847e-09,-1.34944386579954e-08
38.3,0.0183,0.001,-8.232313855289931e-09,-1.34944386579954e-08
38.4,0.0184,0.001,-8.206388749385823e-09,-1.34944386579954e-08
38.5,0.0185,0.001,-8.180493678131382e-09,-1.34944386579954e-08
38.6,0.0186,0.001,-8.154628626154437e-09,-1.34944386579954e-08
38.7,0.0187,0.001,-8.128793578008933e-09,-1.34944386579954e-08
38.8,0.0188,0.001,-8.102988518175082e-09,-1.34944386579954e-08
38.9,0.0189,0.001,-8.077213431059496e-09,-1.34944386579954e-08
39,0.019,0.001,-8.051468300995342e-09,-1.34944386579954e-08
39.1,0.0191,0.001,-8.025753112242502e-09,-1.34944386579954e-08
39.2,0.0192,0.001,-8.000067848987693e-09,-1.34944386579954e-08
39.3,0.01929999999999999,0.001,-7.974412495344649e-09,-1.34944386579954e-08
39.4,0.0194,0.001,-7.948787035354239e-09,-1.34944386579954e-08
39.5,0.0195,0.001,-7.923191452984641e-09,-1.34944386579954e-08
39.6,0.0196,0.001,-7.897625732131489e-09,-1.34944386579954e-08
39.7,0.0197,0.001,-7.872089856618013e-09,-1.34944386579954e-08
39.8,0.01979999999999999,0.001,-7.846583810195203e-09,-1.34944386579954e-08
39.9,0.01989999999999999,0.001,-7.821107576541954e-09,-1.34944386579954e-08
40,0.02,0.001,-7.79566113926522e-09,-1.34944386579954e-08
40.1,0.0201,0.001,-7.770244481900178e-09,-1.34944386579954e-08
40.2,0.0202,0.001,-7.744857587910367e-09,-1.34944386579954e-08
40.3,0.0203,0.001,-7.719500440687856e-09,-1.34944386579954e-08
40.4,0.02039999999999999,0.001,-7.69417302355339e-09,-1.34944386579954e-08
40.5,0.0205,0.001,-7.668875319756551e-09,-1.34944386579954e-08
40.6,0.0206,0.001,-7.643607312475913e-09,-1.34944386579954e-08
40.7,0.0207,0.001,-7.618368984819204e-09,-1.34944386579954e-08
40.8,0.0208,0.001,-7.593160319823455e-09,-1.34944386579954e-08
40.9,0.02089999999999999,0.001,-7.567981300455165e-09,-1.34944386579954e-08
41,0.021,0.001,-7.542831909610452e-09,-1.34944386579954e-08
41.1,0.0211,0.001,-7.51771213011523e-09,-1.34944386579954e-08
41.2,0.0212,0.001,-7.492621944725353e-09,-1.34944386579954e-08
41.3,0.02129999999999999,0.001,-7.467561336126769e-09,-1.34944386579954e-08
41.4,0.0214,0.001,-7.442530286935709e-09,-1.34944386579954e-08
41.5,0.0215,0.001,-7.417528779698816e-09,-1.34944386579954e-08
41.6,0.0216,0.001,-7.392556796893334e-09,-1.34944386579954e-08
41.7,0.0217,0.001,-7.367614320927256e-09,-1.34944386579954e-08
41.8,0.02179999999999999,0.001,-7.342701334139485e-09,-1.34944386579954e-08
41.9,0.0219,0.001,-7.317817818800009e-09,-1.34944386579954e-08
42,0.022,0.001,-7.292963757110054e-09,-1.34944386579954e-08
42.1,0.0221,0.001,-7.268139131202259e-09,-1.34944386579954e-08
42.2,0.0222,0.001,-7.243343923140839e-09,-1.34944386579954e-08
42.3,0.02229999999999999,0.001,-7.218578114921738e-09,-1.34944386579954e-08
42.4,0.0224,0.001,-7.193841688472809e-09,-1.34944386579954e-08
42.5,0.0225,0.001,-7.169134625653984e-09,-1.34944386579954e-08
42.6,0.0226,0.001,-7.144456908257425e-09,-1.34944386579954e-08
42.7,0.0227,0.001,-7.11980851800771e-09,-1.34944386579954e-08
42.8,0.02279999999999999,0.001,-7.095189436561984e-09,-1.34944386579954e-08
42.9,0.0229,0.001,-7.07059964551014e-09,-1.34944386579954e-08
43,0.023,0.001,-7.046039126374985e-09,-1.34944386579954e-08
43.1,0.0231,0.001,-7.021507860612412e-09,-1.34944386579954e-08
43.2,0.0232,0.001,-6.997005829611557e-09,-1.34944386579954e-08
43.3,0.02329999999999999,0.001,-6.972533014694997e-09,-1.34944386579954e-08
43.4,0.0234,0.001,-6.948089397118888e-09,-1.34944386579954e-08
43.5,0.0235,0.001,-6.923674958073164e-09,-1.34944386579954e-08
43.6,0.0236,0.001,-6.899289678681691e-09,-1.34944386579954e-08
43.7,0.0237,0.001,-6.874933540002458e-09,-1.34944386579954e-08
43.8,0.02379999999999999,0.001,-6.850606523027725e-09,-1.34944386579954e-08
43.9,0.0239,0.001,-6.82630860868422e-09,-1.34944386579954e-08
44,0.024,0.001,-6.8020397778333e-09,-1.34944386579954e-08
44.1,0.0241,0.001,-6.777800011271135e-09,-1.34944386579954e-08
44.2,0.0242,0.001,-6.75358928972887e-09,-1.34944386579954e-08
44.3,0.0243,0.001,-6.729407593872814e-09,-1.34944386579954e-08
44.4,0.0244,0.001,-6.7052549043046e-09,-1.34944386579954e-08
44.5,0.0245,0.001,-6.68113120156138e-09,-1.34944386579954e-08
44.6,0.0246,0.001,-6.657036466115991e-09,-1.34944386579954e-08
44.7,0.0247,0.001,-6.632970678377126e-09,-1.34944386579954e-08
44.8,0.0248,0.001,-6.608933818689535e-09,-1.34944386579954e-08
44.9,0.0249,0.001,-6.584925867334171e-09,-1.34944386579954e-08
45,0.025,0.001,-6.5609468045284e-09,-1.34944386579954e-08
45.1,0.0251,0.001,-6.536996610426146e-09,-1.34944386579954e-08
45.2,0.0252,0.001,-6.513075265118106e-09,-1.34944386579954e-08
45.3,0.0253,0.001,-6.489182748631909e-09,-1.34944386579954e-08
45.4,0.0254,0.001,-6.465319040932298e-09,-1.34944386579954e-08
45.5,0.0255,0.001,-6.441484121921309e-09,-1.34944386579954e-08
45.6,0.0256,0.001,-6.417677971438465e-09,-1.34944386579954e-08
45.7,0.0257,0.001,-6.393900569260939e-09,-1.34944386579954e-08
45.8,0.0258,0.001,-6.370151895103755e-09,-1.34944386579954e-08
45.9,0.0259,0.001,-6.346431928619953e-09,-1.34944386579954e-08
46,0.026,0.001,-6.322740649400776e-09,-1.34944386579954e-08
46.1,0.0261,0.001,-6.299078036975872e-09,-1.34944386579954e-08
46.2,0.0262,0.001,-6.275444070813438e-09,-1.34944386579954e-08
46.3,0.0263,0.001,-6.251838730320453e-09,-1.34944386579954e-08
46.4,0.0264,0.001,-6.228261994842816e-09,-1.34944386579954e-08
46.5,0.0265,0.001,-6.20471384366556e-09,-1.34944386579954e-08
46.6,0.0266,0.001,-6.181194256013029e-09,-1.34944386579954e-08
46.7,0.0267,0.001,-6.157703211049059e-09,-1.34944386579954e-08
46.8,0.0268,0.001,-6.134240687877173e-09,-1.34944386579954e-08
46.9,0.0269,0.001,-6.110806665540756e-09,-1.34944386579954e-08
47,0.027,0.001,-6.087401123023245e-09,-1.34944386579954e-08
47.1,0.0271,0.001,-6.064024039248331e-09,-1.34944386579954e-08
47.2,0.0272,0.001,-6.040675393080111e-09,-1.34944386579954e-08
47.3,0.02729999999999999,0.001,-6.017355163323325e-09,-1.34944386579954e-08
47.4,0.0274,0.001,-5.994063328723493e-09,-1.34944386579954e-08
47.5,0.0275,0.001,-5.970799867967136e-09,-1.34944386579954e-08
47.6,0.0276,0.001,-5.947564759681959e-09,-1.34944386579954e-08
47.7,0.0277,0.001,-5.924357982437031e-09,-1.34944386579954e-08
47.8,0.02779999999999999,0.001,-5.901179514742985e-09,-1.34944386579954e-08
47.9,0.0279,0.001,-5.878029335052192e-09,-1.34944386579954e-08
48,0.028,0.001,-5.854907421758977e-09,-1.34944386579954e-08
48.1,0.0281,0.001,-5.831813753199787e-09,-1.34944386579954e-08
48.2,0.0282,0.001,-5.80874830765338e-09,-1.34944386579954e-08
48.3,0.0283,0.001,-5.785711063341042e-09,-1.34944386579954e-08
48.4,0.0284,0.001,-5.762701998426743e-09,-1.34944386579954e-08
48.5,0.0285,0.001,-5.739721091017363e-09,-1.34944386579954e-08
48.6,0.0286,0.001,-5.716768319162855e-09,-1.34944386579954e-08
48.7,0.0287,0.001,-5.693843660856455e-09,-1.34944386579954e-08
48.8,0.0288,0.001,-5.670947094034876e-09,-1.34944386579954e-08
48.9,0.0289,0.001,-5.648078596578482e-09,-1.34944386579954e-08
49,0.029,0.001,-5.625238146311499e-09,-1.34944386579954e-08
49.1,0.0291,0.001,-5.602425721002207e-09,-1.34944386579954e-08
49.2,0.0292,0.001,-5.579641298363131e-09,-1.34944386579954e-08
49.3,0.0293,0.001,-5.556884856051228e-09,-1.34944386579954e-08
49.4,0.0294,0.001,-5.53415637166809e-09,-1.34944386579954e-08
49.5,0.0295,0.001,-5.511455822760136e-09,-1.34944386579954e-08
49.6,0.0296,0.001,-5.488783186818811e-09,-1.34944386579954e-08
49.7,0.0297,0.001,-5.466138441280775e-09,-1.34944386579954e-08
49.8,0.0298,0.001,-5.443521563528102e-09,-1.34944386579954e-08
49.9,0.0299,0.001,-5.420932530888474e-09,-1.34944386579954e-08
50,0.03,0.001,-5.398371320635382e-09,-1.34944386579954e-08
50.1,0.0301,0.001,-5.375837909988314e-09,-1.34944386579954e-08
50.2,0.0302,0.001,-5.353332276112959e-09,-1.34944386579954e-08
50.3,0.03029999999999999,0.001,-5.330854396121404e-09,-1.34944386579954e-08
50.4,0.0304,0.001,-5.30840424707232e-09,-1.34944386579954e-08
50.5,0.0305,0.001,-5.28598180597118e-09,-1.34944386579954e-08
50.6,0.0306,0.001,-5.263587049770435e-09,-1.34944386579954e-08
50.7,0.0307,0.001,-5.241219955369725e-09,-1.34944386579954e-08
50.8,0.03079999999999999,0.001,-5.218880499616078e-09,-1.34944386579954e-08
50.9,0.0309,0.001,-5.1965686593041e-09,-1.34944386579954e-08
51,0.031,0.001,-5.174284411176177e-09,-1.34944386579954e-08
51.1,0.0311,0.001,-5.152027731922678e-09,-1.34944386579954e-08
51.2,0.0312,0.001,-5.129798598182152e-09,-1.34944386579954e-08
51.3,0.03129999999999999,0.001,-5.107596986541528e-09,-1.34944386579954e-08
51.4,0.0314,0.001,-5.085422873536302e-09,-1.34944386579954e-08
51.5,0.0315,0.001,-5.063276235650766e-09,-1.34944386579954e-08
51.6,0.0316,0.001,-5.041157049318176e-09,-1.34944386579954e-08
51.7,0.0317,0.001,-5.01906529092098e-09,-1.34944386579954e-08
51.8,0.03179999999999999,0.001,-4.997000936790992e-09,-1.34944386579954e-08
51.9,0.0319,0.001,-4.97496396320961e-09,-1.34944386579954e-08
52,0.032,0.001,-4.95295434640802e-09,-1.34944386579954e-08
52.1,0.0321,0.001,-4.930972062567383e-09,-1.34944386579954e-08
52.2,0.0322,0.001,-4.909017087819048e-09,-1.34944386579954e-08
52.3,0.0323,0.001,-4.887089398244745e-09,-1.34944386579954e-08
52.4,0.0324,0.001,-4.865188969876794e-09,-1.34944386579954e-08
52.5,0.03249999999999999,0.001,-4.843315778698302e-09,-1.34944386579954e-08
52.6,0.03259999999999998,0.001,-4.821469800643373e-09,-1.34944386579954e-08
52.7,0.03269999999999999,0.001,-4.799651011597297e-09,-1.34944386579954e-08
52.8,0.03279999999999998,0.001,-4.777859387396765e-09,-1.34944386579954e-08
52.9,0.03289999999999998,0.001,-4.756094903830063e-09,-1.34944386579954e-08
53,0.03299999999999999,0.001,-4.734357536637281e-09,-1.34944386579954e-08
53.1,0.03309999999999998,0.001,-4.712647261510522e-09,-1.34944386579954e-08
53.2,0.03319999999999999,0.001,-4.69096405409408e-09,-1.34944386579954e-08
53.3,0.03329999999999998,0.001,-4.669307889984679e-09,-1.34944386579954e-08
53.4,0.03339999999999998,0.001,-4.647678744731646e-09,-1.34944386579954e-08
53.5,0.03349999999999999,0.001,-4.626076593837128e-09,-1.34944386579954e-08
53.6,0.03359999999999998,0.001,-4.604501412756304e-09,-1.34944386579954e-08
53.7,0.03369999999999999,0.001,-4.582953176897571e-09,-1.34944386579954e-08
53.8,0.03379999999999998,0.001,-4.561431861622763e-09,-1.34944386579954e-08
53.9,0.03389999999999998,0.001,-4.539937442247348e-09,-1.34944386579954e-08
54,0.03399999999999999,0.001,-4.518469894040629e-09,-1.34944386579954e-08
54.1,0.03409999999999998,0.001,-4.497029192225968e-09,-1.34944386579954e-08
54.2,0.03419999999999999,0.001,-4.475615311980961e-09,-1.34944386579954e-08
54.3,0.03429999999999998,0.001,-4.454228228437676e-09,-1.34944386579954e-08
54.4,0.03439999999999998,0.001,-4.432867916682823e-09,-1.34944386579954e-08
54.5,0.03449999999999999,0.001,-4.411534351757987e-09,-1.34944386579954e-08
54.6,0.03459999999999998,0.001,-4.390227508659831e-09,-1.34944386579954e-08
54.7,0.03469999999999999,0.001,-4.368947362340277e-09,-1.34944386579954e-08
54.8,0.03479999999999998,0.001,-4.347693887706748e-09,-1.34944386579954e-08
54.9,0.03489999999999998,0.001,-4.32646705962234e-09,-1.34944386579954e-08
55,0.03499999999999999,0.001,-4.305266852906049e-09,-1.34944386579954e-08
55.1,0.03509999999999999,0.001,-4.284093242332972e-09,-1.34944386579954e-08
55.2,0.03519999999999999,0.001,-4.262946202634507e-09,-1.34944386579954e-08
55.3,0.03529999999999998,0.001,-4.241825708498574e-09,-1.34944386579954e-08
55.4,0.03539999999999998,0.001,-4.220731734569797e-09,-1.34944386579954e-08
55.5,0.03549999999999999,0.001,-4.199664255449734e-09,-1.34944386579954e-08
55.6,0.03559999999999999,0.001,-4.178623245697077e-09,-1.34944386579954e-08
55.7,0.03569999999999999,0.001,-4.157608679827849e-09,-1.34944386579954e-08
55.8,0.03579999999999998,0.001,-4.136620532315625e-09,-1.34944386579954e-08
55.9,0.03589999999999998,0.001,-4.115658777591723e-09,-1.34944386579954e-08
56,0.03599999999999998,0.001,-4.094723390045423e-09,-1.34944386579954e-08
56.1,0.03609999999999999,0.001,-4.073814344024178e-09,-1.34944386579954e-08
56.2,0.03619999999999999,0.001,-4.052931613833802e-09,-1.34944386579954e-08
56.3,0.03629999999999998,0.001,-4.032075173738701e-09,-1.34944386579954e-08
56.4,0.03639999999999998,0.001,-4.011244997962053e-09,-1.34944386579954e-08
56.5,0.03649999999999998,0.001,-3.990441060686046e-09,-1.34944386579954e-08
56.6,0.03659999999999999,0.001,-3.969663336052057e-09,-1.34944386579954e-08
56.7,0.03669999999999999,0.001,-3.948911798160882e-09,-1.34944386579954e-08
56.8,0.03679999999999998,0.001,-3.92818642107293e-09,-1.34944386579954e-08
56.9,0.03689999999999998,0.001,-3.907487178808431e-09,-1.34944386579954e-08
57,0.03699999999999998,0.001,-3.886814045347651e-09,-1.34944386579954e-08
57.1,0.03709999999999999,0.001,-3.866166994631095e-09,-1.34944386579954e-08
57.2,0.03719999999999999,0.001,-3.845546000559714e-09,-1.34944386579954e-08
57.3,0.03729999999999998,0.001,-3.824951036995119e-09,-1.34944386579954e-08
57.4,0.03739999999999998,0.001,-3.804382077759777e-09,-1.34944386579954e-08
57.5,0.03749999999999998,0.001,-3.783839096637226e-09,-1.34944386579954e-08
57.6,0.03759999999999999,0.001,-3.763322067372291e-09,-1.34944386579954e-08
57.7,0.03769999999999998,0.001,-3.742830963671279e-09,-1.34944386579954e-08
57.8,0.03779999999999998,0.001,-3.722365759202189e-09,-1.34944386579954e-08
57.9,0.03789999999999998,0.001,-3.701926427594924e-09,-1.34944386579954e-08
58,0.03799999999999999,0.001,-3.681512942441502e-09,-1.34944386579954e-08
58.1,0.03809999999999999,0.001,-3.661125277296255e-09,-1.34944386579954e-08
58.2,0.03819999999999998,0.001,-3.640763405676048e-09,-1.34944386579954e-08
58.3,0.03829999999999998,0.001,-3.620427301060474e-09,-1.34944386579954e-08
58.4,0.03839999999999998,0.001,-3.600116936892074e-09,-1.34944386579954e-08
58.5,0.03849999999999999,0.001,-3.579832286576536e-09,-1.34944386579954e-08
58.6,0.03859999999999999,0.001,-3.559573323482915e-09,-1.34944386579954e-08
58.7,0.03869999999999998,0.001,-3.539340020943828e-09,-1.34944386579954e-08
58.8,0.03879999999999998,0.001,-3.519132352255672e-09,-1.34944386579954e-08
58.9,0.03889999999999998,0.001,-3.498950290678819e-09,-1.34944386579954e-08
59,0.03899999999999999,0.001,-3.478793809437847e-09,-1.34944386579954e-08
59.1,0.03909999999999999,0.001,-3.458662881721722e-09,-1.34944386579954e-08
59.2,0.03919999999999998,0.001,-3.438557480684033e-09,-1.34944386579954e-08
59.3,0.03929999999999998,0.001,-3.418477579443168e-09,-1.34944386579954e-08
59.4,0.03939999999999998,0.001,-3.398423151082552e-09,-1.34944386579954e-08
59.5,0.03949999999999999,0.001,-3.378394168650841e-09,-1.34944386579954e-08
59.6,0.03959999999999999,0.001,-3.35839060516213e-09,-1.34944386579954e-08
59.7,0.03969999999999999,0.001,-3.33841243359617e-09,-1.34944386579954e-08
59.8,0.03979999999999998,0.001,-3.318459626898559e-09,-1.34944386579954e-08
59.9,0.03989999999999998,0.001,-3.298532157980968e-09,-1.34944386579954e-08
60,0.03999999999999999,0.001,-3.278629999721338e-09,-1.34944386579954e-08
60.1,0.04009999999999999,0.001,-3.258753124964094e-09,-1.34944386579954e-08
60.2,0.04019999999999999,0.001,-3.238901506520349e-09,-1.34944386579954e-08
60.3,0.04029999999999998,0.001,-3.219075117168116e-09,-1.34944386579954e-08
60.4,0.04039999999999998,0.001,-3.199273929652507e-09,-1.34944386579954e-08
60.5,0.04049999999999999,0.001,-3.179497916685952e-09,-1.34944386579954e-08
60.6,0.04059999999999999,0.001,-3.1597470509484e-09,-1.34944386579954e-08
60.7,0.04069999999999999,0.001,-3.140021305087535e-09,-1.34944386579954e-08
60.8,0.04079999999999998,0.001,-3.120320651718967e-09,-1.34944386579954e-08
60.9,0.04089999999999998,0.001,-3.100645063426456e-09,-1.34944386579954e-08
61,0.04099999999999999,0.001,-3.080994512762108e-09,-1.34944386579954e-08
61.1,0.04109999999999998,0.001,-3.061368972246601e-09,-1.34944386579954e-08
61.2,0.04119999999999999,0.001,-3.041768414369363e-09,-1.34944386579954e-08
61.3,0.04129999999999998,0.001,-3.022192811588807e-09,-1.34944386579954e-08
61.4,0.04139999999999998,0.001,-3.002642136332525e-09,-1.34944386579954e-08
61.5,0.04149999999999999,0.001,-2.98311636099749e-09,-1.34944386579954e-08
61.6,0.04159999999999998,0.001,-2.963615457950286e-09,-1.34944386579954e-08
61.7,0.04169999999999999,0.001,-2.944139399527284e-09,-1.34944386579954e-08
61.8,0.04179999999999998,0.001,-2.924688158034876e-09,-1.34944386579954e-08
61.9,0.04189999999999998,0.001,-2.905261705749663e-09,-1.34944386579954e-08
62,0.04199999999999999,0.001,-2.885860014918673e-09,-1.34944386579954e-08
62.1,0.04209999999999998,0.001,-2.866483057759565e-09,-1.34944386579954e-08
62.2,0.04219999999999999,0.001,-2.847130806460834e-09,-1.34944386579954e-08
62.3,0.04229999999999998,0.001,-2.827803233182021e-09,-1.34944386579954e-08
62.4,0.04239999999999998,0.001,-2.808500310053913e-09,-1.34944386579954e-08
62.5,0.04249999999999999,0.001,-2.789222009178752e-09,-1.34944386579954e-08
62.6,0.04259999999999999,0.001,-2.769968302630455e-09,-1.34944386579954e-08
62.7,0.04269999999999999,0.001,-2.750739162454793e-09,-1.34944386579954e-08
62.8,0.04279999999999998,0.001,-2.731534560669623e-09,-1.34944386579954e-08
62.9,0.04289999999999998,0.001,-2.712354469265076e-09,-1.34944386579954e-08
63,0.04299999999999999,0.001,-2.693198860203771e-09,-1.34944386579954e-08
63.1,0.04309999999999999,0.001,-2.674067705421028e-09,-1.34944386579954e-08
63.2,0.04319999999999999,0.001,-2.654960976825054e-09,-1.34944386579954e-08
63.3,0.04329999999999998,0.001,-2.635878646297169e-09,-1.34944386579954e-08
63.4,0.04339999999999998,0.001,-2.616820685691997e-09,-1.34944386579954e-08
63.5,0.04349999999999999,0.001,-2.597787066837676e-09,-1.34944386579954e-08
63.6,0.04359999999999999,0.001,-2.578777761536071e-09,-1.34944386579954e-08
63.7,0.04369999999999999,0.001,-2.559792741562965e-09,-1.34944386579954e-08
63.8,0.04379999999999998,0.001,-2.540831978668275e-09,-1.34944386579954e-08
63.9,0.04389999999999998,0.001,-2.521895444576249e-09,-1.34944386579954e-08
64,0.04399999999999999,0.001,-2.502983110985673e-09,-1.34944386579954e-08
64.09999999999999,0.04409999999999998,0.001,-2.48409494957009e-09,-1.34944386579954e-08
64.2,0.04419999999999999,0.001,-2.465230931977968e-09,-1.34944386579954e-08
64.3,0.04429999999999998,0.001,-2.446391029832953e-09,-1.34944386579954e-08
64.40000000000001,0.0444,0.001,-2.427575214734022e-09,-1.34944386579954e-08
64.5,0.04449999999999998,0.001,-2.40878345825574e-09,-1.34944386579954e-08
64.59999999999999,0.04459999999999998,0.001,-2.390015731948409e-09,-1.34944386579954e-08
64.7,0.04469999999999999,0.001,-2.371272007338315e-09,-1.34944386579954e-08
64.8,0.04479999999999998,0.001,-2.352552255927915e-09,-1.34944386579954e-08
64.90000000000001,0.0449,0.001,-2.33385644919603e-09,-1.34944386579954e-08
65,0.04499999999999998,0.001,-2.315184558598074e-09,-1.34944386579954e-08
65.09999999999999,0.04509999999999998,0.001,-2.296536555566228e-09,-1.34944386579954e-08
65.2,0.04519999999999999,0.001,-2.277912411509661e-09,-1.34944386579954e-08
65.3,0.04529999999999998,0.001,-2.259312097814734e-09,-1.34944386579954e-08
65.40000000000001,0.0454,0.001,-2.240735585845185e-09,-1.34944386579954e-08
65.5,0.04549999999999998,0.001,-2.222182846942359e-09,-1.34944386579954e-08
65.59999999999999,0.04559999999999998,0.001,-2.20365385242538e-09,-1.34944386579954e-08
65.7,0.04569999999999999,0.001,-2.185148573591367e-09,-1.34944386579954e-08
65.8,0.04579999999999998,0.001,-2.16666698171565e-09,-1.34944386579954e-08
65.90000000000001,0.0459,0.001,-2.14820904805194e-09,-1.34944386579954e-08
66,0.04599999999999999,0.001,-2.129774743832566e-09,-1.34944386579954e-08
66.09999999999999,0.04609999999999998,0.001,-2.111364040268641e-09,-1.34944386579954e-08
66.2,0.04619999999999998,0.001,-2.092976908550289e-09,-1.34944386579954e-08
66.3,0.04629999999999998,0.001,-2.074613319846838e-09,-1.34944386579954e-08
66.40000000000001,0.04639999999999999,0.001,-2.056273245307013e-09,-1.34944386579954e-08
66.5,0.04649999999999999,0.001,-2.037956656059154e-09,-1.34944386579954e-08
66.59999999999999,0.04659999999999998,0.001,-2.019663523211395e-09,-1.34944386579954e-08
66.7,0.04669999999999998,0.001,-2.00139381785188e-09,-1.34944386579954e-08
66.8,0.04679999999999998,0.001,-1.983147511048956e-09,-1.34944386579954e-08
66.90000000000001,0.04689999999999999,0.001,-1.964924573851371e-09,-1.34944386579954e-08
67,0.04699999999999999,0.001,-1.946724977288485e-09,-1.34944386579954e-08
67.09999999999999,0.04709999999999998,0.001,-1.928548692370453e-09,-1.34944386579954e-08
67.2,0.04719999999999999,0.001,-1.910395690088434e-09,-1.34944386579954e-08
67.3,0.04729999999999998,0.001,-1.892265941414788e-09,-1.34944386579954e-08
67.40000000000001,0.04739999999999999,0.001,-1.874159417303272e-09,-1.34944386579954e-08
67.5,0.04749999999999999,0.001,-1.856076088689247e-09,-1.34944386579954e-08
67.59999999999999,0.04759999999999998,0.001,-1.838015926489864e-09,-1.34944386579954e-08
67.7,0.04769999999999999,0.001,-1.819978901604266e-09,-1.34944386579954e-08
67.8,0.04779999999999998,0.001,-1.801964984913795e-09,-1.34944386579954e-08
67.90000000000001,0.04789999999999999,0.001,-1.783974147282173e-09,-1.34944386579954e-08
68,0.04799999999999999,0.001,-1.766006359555719e-09,-1.34944386579954e-08
68.09999999999999,0.04809999999999998,0.001,-1.748061592563524e-09,-1.34944386579954e-08
68.2,0.04819999999999999,0.001,-1.730139817117668e-09,-1.34944386579954e-08
68.3,0.04829999999999998,0.001,-1.712241004013402e-09,-1.34944386579954e-08
68.40000000000001,0.04839999999999999,0.001,-1.69436512402935e-09,-1.34944386579954e-08
68.5,0.04849999999999999,0.001,-1.676512147927711e-09,-1.34944386579954e-08
68.59999999999999,0.04859999999999998,0.001,-1.658682046454444e-09,-1.34944386579954e-08
68.7,0.04869999999999999,0.001,-1.640874790339467e-09,-1.34944386579954e-08
68.8,0.04879999999999998,0.001,-1.62309035029686e-09,-1.34944386579954e-08
68.90000000000001,0.04889999999999999,0.001,-1.605328697025045e-09,-1.34944386579954e-08
69,0.04899999999999999,0.001,-1.587589801207002e-09,-1.34944386579954e-08
69.09999999999999,0.04909999999999998,0.001,-1.569873633510442e-09,-1.34944386579954e-08
69.2,0.04919999999999999,0.001,-1.552180164588011e-09,-1.34944386579954e-08
69.3,0.04929999999999998,0.001,-1.534509365077492e-09,-1.34944386579954e-08
69.40000000000001,0.04939999999999999,0.001,-1.516861205601979e-09,-1.34944386579954e-08
69.5,0.04949999999999999,0.001,-1.499235656770096e-09,-1.34944386579954e-08
69.59999999999999,0.04959999999999998,0.001,-1.481632689176166e-09,-1.34944386579954e-08
69.7,0.04969999999999999,0.001,-1.464052273400419e-09,-1.34944386579954e-08
69.8,0.04979999999999998,0.001,-1.44649438000918e-09,-1.34944386579954e-08
69.90000000000001,0.04989999999999999,0.001,-1.42895897955506e-09,-1.34944386579954e-08
70,0.04999999999999999,0.001,-1.411446042577159e-09,-1.34944386579954e-08
70.09999999999999,0.05009999999999998,0.001,-1.393955539601239e-09,-1.34944386579954e-08
70.2,0.05019999999999999,0.001,-1.376487441139929e-09,-1.34944386579954e-08
70.3,0.05029999999999998,0.001,-1.359041717692918e-09,-1.34944386579954e-08
70.40000000000001,0.05039999999999999,0.001,-1.341618339747135e-09,-1.34944386579954e-08
70.5,0.05049999999999999,0.001,-1.324217277776954e-09,-1.34944386579954e-08
70.59999999999999,0.05059999999999999,0.001,-1.306838502244371e-09,-1.34944386579954e-08
70.7,0.05069999999999999,0.001,-1.289481983599204e-09,-1.34944386579954e-08
70.8,0.05079999999999998,0.001,-1.272147692279278e-09,-1.34944386579954e-08
70.90000000000001,0.05089999999999999,0.001,-1.254835598710616e-09,-1.34944386579954e-08
71,0.05099999999999999,0.001,-1.237545673307631e-09,-1.34944386579954e-08
71.09999999999999,0.05109999999999998,0.001,-1.220277886473314e-09,-1.34944386579954e-08
71.2,0.05119999999999999,0.001,-1.203032208599412e-09,-1.34944386579954e-08
71.3,0.05129999999999998,0.001,-1.185808610066642e-09,-1.34944386579954e-08
71.40000000000001,0.05139999999999999,0.001,-1.168607061244849e-09,-1.34944386579954e-08
71.5,0.05149999999999999,0.001,-1.15142753249322e-09,-1.34944386579954e-08
71.59999999999999,0.05159999999999998,0.001,-1.134269994160457e-09,-1.34944386579954e-08
71.7,0.05169999999999999,0.001,-1.117134416584959e-09,-1.34944386579954e-08
71.8,0.05179999999999998,0.001,-1.100020770095034e-09,-1.34944386579954e-08
71.90000000000001,0.05189999999999999,0.001,-1.082929025009053e-09,-1.34944386579954e-08
72,0.05199999999999999,0.001,-1.065859151635669e-09,-1.34944386579954e-08
72.09999999999999,0.05209999999999998,0.001,-1.048811120273977e-09,-1.34944386579954e-08
72.2,0.05219999999999999,0.001,-1.031784901213707e-09,-1.34944386579954e-08
72.3,0.05229999999999999,0.001,-1.014780464735427e-09,-1.34944386579954e-08
72.40000000000001,0.0524,0.001,-9.977977811106999e-10,-1.34944386579954e-08
72.5,0.05249999999999999,0.001,-9.808368206022921e-10,-1.34944386579954e-08
72.59999999999999,0.05259999999999998,0.001,-9.63897553464343e-10,-1.34944386579954e-08
72.7,0.05269999999999999,0.001,-9.469799499425529e-10,-1.34944386579954e-08
72.8,0.05279999999999998,0.001,-9.300839802743778e-10,-1.34944386579954e-08
72.90000000000001,0.0529,0.001,-9.132096146891916e-10,-1.34944386579954e-08
73,0.05299999999999998,0.001,-8.963568234084977e-10,-1.34944386579954e-08
73.09999999999999,0.05309999999999998,0.001,-8.79525576646081e-10,-1.34944386579954e-08
73.2,0.05319999999999999,0.001,-8.627158446082113e-10,-1.34944386579954e-08
73.3,0.05329999999999998,0.001,-8.459275974938271e-10,-1.34944386579954e-08
73.40000000000001,0.0534,0.001,-8.291608054946958e-10,-1.34944386579954e-08
73.5,0.05349999999999999,0.001,-8.124154387956282e-10,-1.34944386579954e-08
73.59999999999999,0.05359999999999998,0.001,-7.956914675746273e-10,-1.34944386579954e-08
73.7,0.05369999999999998,0.001,-7.78988862003089e-10,-1.34944386579954e-08
73.8,0.05379999999999999,0.001,-7.623075922459785e-10,-1.34944386579954e-08
73.90000000000001,0.05389999999999999,0.001,-7.456476284620087e-10,-1.34944386579954e-08
74,0.05399999999999999,0.001,-7.290089408038232e-10,-1.34944386579954e-08
74.09999999999999,0.05409999999999998,0.001,-7.123914994181733e-10,-1.34944386579954e-08
74.2,0.05419999999999998,0.001,-6.957952744460934e-10,-1.34944386579954e-08
74.3,0.05429999999999999,0.001,-6.792202360230902e-10,-1.34944386579954e-08
74.40000000000001,0.05439999999999999,0.001,-6.626663542793145e-10,-1.34944386579954e-08
74.5,0.05449999999999999,0.001,-6.461335993397405e-10,-1.34944386579954e-08
74.59999999999999,0.05459999999999998,0.001,-6.296219413243461e-10,-1.34944386579954e-08
74.7,0.05469999999999998,0.001,-6.131313503482812e-10,-1.34944386579954e-08
74.8,0.05479999999999998,0.001,-5.966617965220599e-10,-1.34944386579954e-08
74.90000000000001,0.05489999999999999,0.001,-5.802132499517242e-10,-1.34944386579954e-08
75,0.05499999999999999,0.001,-5.63785680739032e-10,-1.34944386579954e-08
75.09999999999999,0.05509999999999998,0.001,-5.473790589816225e-10,-1.34944386579954e-08
75.2,0.05519999999999999,0.001,-5.309933547731949e-10,-1.34944386579954e-08
75.3,0.05529999999999998,0.001,-5.146285382036921e-10,-1.34944386579954e-08
75.40000000000001,0.05539999999999999,0.001,-4.982845793594612e-10,-1.34944386579954e-08
75.5,0.05549999999999999,0.001,-4.81961448323446e-10,-1.34944386579954e-08
75.59999999999999,0.05559999999999998,0.001,-4.656591151753444e-10,-1.34944386579954e-08
75.7,0.05569999999999999,0.001,-4.493775499917907e-10,-1.34944386579954e-08
75.8,0.05579999999999998,0.001,-4.33116722846531e-10,-1.34944386579954e-08
75.90000000000001,0.05589999999999999,0.001,-4.1687660381059e-10,-1.34944386579954e-08
76,0.05599999999999999,0.001,-4.006571629524537e-10,-1.34944386579954e-08
76.09999999999999,0.05609999999999998,0.001,-3.8445837033823e-10,-1.34944386579954e-08
76.2,0.05619999999999999,0.001,-3.682801960318281e-10,-1.34944386579954e-08
76.3,0.05629999999999998,0.001,-3.521226100951321e-10,-1.34944386579954e-08
76.40000000000001,0.05639999999999999,0.001,-3.359855825881634e-10,-1.34944386579954e-08
76.5,0.05649999999999998,0.001,-3.19869083569267e-10,-1.34944386579954e-08
76.59999999999999,0.05659999999999998,0.001,-3.037730830952611e-10,-1.34944386579954e-08
76.7,0.05669999999999999,0.001,-2.876975512216281e-10,-1.34944386579954e-08
76.8,0.05679999999999998,0.001,-2.716424580026733e-10,-1.34944386579954e-08
76.90000000000001,0.05689999999999999,0.001,-2.556077734916924e-10,-1.34944386579954e-08
77,0.05699999999999998,0.001,-2.395934677411543e-10,-1.34944386579954e-08
77.09999999999999,0.05709999999999998,0.001,-2.235995108028494e-10,-1.34944386579954e-08
77.2,0.05719999999999999,0.001,-2.076258727280759e-10,-1.34944386579954e-08
77.3,0.05729999999999998,0.001,-1.916725235678016e-10,-1.34944386579954e-08
77.40000000000001,0.05739999999999999,0.001,-1.757394333728249e-10,-1.34944386579954e-08
77.5,0.05749999999999998,0.001,-1.598265721939574e-10,-1.34944386579954e-08
77.59999999999999,0.05759999999999998,0.001,-1.43933910082171e-10,-1.34944386579954e-08
77.7,0.05769999999999999,0.001,-1.280614170887821e-10,-1.34944386579954e-08
77.8,0.05779999999999998,0.001,-1.122090632656094e-10,-1.34944386579954e-08
77.90000000000001,0.05789999999999999,0.001,-9.637681866513566e-11,-1.34944386579954e-08
78,0.05799999999999998,0.001,-8.056465334068687e-11,-1.34944386579954e-08
78.09999999999999,0.05809999999999998,0.001,-6.477253734657819e-11,-1.34944386579954e-08
78.2,0.05819999999999999,0.001,-4.900044073829377e-11,-1.34944386579954e-08
78.3,0.05829999999999998,0.001,-3.32483335726473e-11,-1.34944386579954e-08
78.40000000000001,0.05839999999999999,0.001,-1.751618590793681e-11,-1.34944386579954e-08
78.5,0.05849999999999998,0.001,-1.803967804126244e-12,-1.34944386579954e-08
78.59999999999999,0.05859999999999999,0.001,1.388835067701648e-11,-1.34944386579954e-08
78.7,0.05869999999999999,0.001,2.956079947173179e-11,-1.34944386579954e-08
78.8,0.05879999999999998,0.001,4.52134085141234e-11,-1.34944386579954e-08
78.90000000000001,0.05889999999999999,0.001,6.084620773599232e-11,-1.34944386579954e-08
79,0.05899999999999998,0.001,7.645922706666616e-11,-1.34944386579954e-08
79.09999999999999,0.05909999999999998,0.001,9.205249643285631e-11,-1.34944386579954e-08
79.2,0.05919999999999999,0.001,1.076260457584852e-10,-1.34944386579954e-08
79.3,0.05929999999999998,0.001,1.231799049645212e-10,-1.34944386579954e-08
79.40000000000001,0.05939999999999999,0.001,1.387141039688375e-10,-1.34944386579954e-08
79.5,0.05949999999999998,0.001,1.542286726860281e-10,-1.34944386579954e-08
79.59999999999999,0.05959999999999998,0.001,1.697236410272755e-10,-1.34944386579954e-08
79.7,0.05969999999999999,0.001,1.85199038900175e-10,-1.34944386579954e-08
79.8,0.05979999999999998,0.001,2.006548962085722e-10,-1.34944386579954e-08
79.90000000000001,0.05989999999999999,0.001,2.160912428524306e-10,-1.34944386579954e-08
80,0.05999999999999998,0.001,2.315081087276385e-10,-1.34944386579954e-08
80.09999999999999,0.06009999999999998,0.001,2.469055237258873e-10,-1.34944386579954e-08
80.2,0.06019999999999999,0.001,2.622835177344936e-10,-1.34944386579954e-08
80.3,0.06029999999999998,0.001,2.776421206362433e-10,-1.34944386579954e-08
80.40000000000001,0.0604,0.001,2.929813623092556e-10,-1.34944386579954e-08
80.5,0.06049999999999998,0.001,3.08301272626795e-10,-1.34944386579954e-08
80.59999999999999,0.06059999999999998,0.001,3.236018814571515e-10,-1.34944386579954e-08
80.7,0.06069999999999999,0.001,3.388832186634651e-10,-1.34944386579954e-08
80.8,0.06079999999999998,0.001,3.541453141035707e-10,-1.34944386579954e-08
80.90000000000001,0.0609,0.001,3.693881976298651e-10,-1.34944386579954e-08
81,0.06099999999999998,0.001,3.846118990891218e-10,-1.34944386579954e-08
81.09999999999999,0.06109999999999998,0.001,3.998164483223717e-10,-1.34944386579954e-08
81.2,0.06119999999999999,0.001,4.150018751647301e-10,-1.34944386579954e-08
81.3,0.06129999999999998,0.001,4.301682094452465e-10,-1.34944386579954e-08
81.40000000000001,0.0614,0.001,4.45315480986767e-10,-1.34944386579954e-08
81.5,0.06149999999999999,0.001,4.6044371960576e-10,-1.34944386579954e-08
81.59999999999999,0.06159999999999998,0.001,4.755529551121906e-10,-1.34944386579954e-08
81.7,0.06169999999999999,0.001,4.906432173093589e-10,-1.34944386579954e-08
81.8,0.06179999999999998,0.001,5.057145359937392e-10,-1.34944386579954e-08
81.90000000000001,0.0619,0.001,5.207669409548596e-10,-1.34944386579954e-08
82,0.06199999999999999,0.001,5.358004619751175e-10,-1.34944386579954e-08
82.09999999999999,0.06209999999999998,0.001,5.508151288296638e-10,-1.34944386579954e-08
82.2,0.06219999999999999,0.001,5.658109712862365e-10,-1.34944386579954e-08
82.3,0.06229999999999998,0.001,5.807880191050117e-10,-1.34944386579954e-08
82.40000000000001,0.06239999999999999,0.001,5.957463020384732e-10,-1.34944386579954e-08
82.5,0.06249999999999999,0.001,6.106858498312437e-10,-1.34944386579954e-08
82.59999999999999,0.06259999999999998,0.001,6.256066922199574e-10,-1.34944386579954e-08
82.7,0.06269999999999999,0.001,6.405088589331082e-10,-1.34944386579954e-08
82.8,0.06279999999999998,0.001,6.553923796908916e-10,-1.34944386579954e-08
82.90000000000001,0.06289999999999998,0.001,6.702572842050851e-10,-1.34944386579954e-08
83,0.06299999999999999,0.001,6.851036021788805e-10,-1.34944386579954e-08
83.09999999999999,0.06309999999999998,0.001,6.999313633067519e-10,-1.34944386579954e-08
83.2,0.06319999999999999,0.001,7.147405972743135e-10,-1.34944386579954e-08
83.3,0.06329999999999998,0.001,7.295313337581618e-10,-1.34944386579954e-08
83.40000000000001,0.06339999999999998,0.001,7.443036024257553e-10,-1.34944386579954e-08
83.5,0.06349999999999999,0.001,7.590574329352536e-10,-1.34944386579954e-08
83.59999999999999,0.06359999999999998,0.001,7.737928549353803e-10,-1.34944386579954e-08
83.7,0.06369999999999999,0.001,7.885098980652929e-10,-1.34944386579954e-08
83.8,0.06379999999999998,0.001,8.032085919544203e-10,-1.34944386579954e-08
83.90000000000001,0.06389999999999998,0.001,8.178889662223453e-10,-1.34944386579954e-08
84,0.06399999999999999,0.001,8.325510504786483e-10,-1.34944386579954e-08
84.09999999999999,0.06409999999999998,0.001,8.471948743227716e-10,-1.34944386579954e-08
84.2,0.06419999999999999,0.001,8.618204673438899e-10,-1.34944386579954e-08
84.3,0.06429999999999998,0.001,8.764278591207514e-10,-1.34944386579954e-08
84.40000000000001,0.06439999999999999,0.001,8.910170792215624e-10,-1.34944386579954e-08
84.5,0.06449999999999999,0.001,9.055881572038331e-10,-1.34944386579954e-08
84.59999999999999,0.06459999999999998,0.001,9.201411226142446e-10,-1.34944386579954e-08
84.7,0.06469999999999999,0.001,9.346760049885212e-10,-1.34944386579954e-08
84.8,0.06479999999999998,0.001,9.491928338512716e-10,-1.34944386579954e-08
84.90000000000001,0.06489999999999999,0.001,9.63691638715881e-10,-1.34944386579954e-08
85,0.06499999999999999,0.001,9.781724490843534e-10,-1.34944386579954e-08
85.09999999999999,0.06509999999999998,0.001,9.926352944471849e-10,-1.34944386579954e-08
85.2,0.06519999999999999,0.001,1.007080204283236e-09,-1.34944386579954e-08
85.3,0.06529999999999998,0.001,1.021507208059575e-09,-1.34944386579954e-08
85.40000000000001,0.06539999999999999,0.001,1.035916335231375e-09,-1.34944386579954e-08
85.5,0.06549999999999999,0.001,1.050307615241756e-09,-1.34944386579954e-08
85.59999999999999,0.06559999999999998,0.001,1.064681077521658e-09,-1.34944386579954e-08
85.7,0.06569999999999998,0.001,1.079036751489719e-09,-1.34944386579954e-08
85.8,0.06579999999999998,0.001,1.093374666552131e-09,-1.34944386579954e-08
85.90000000000001,0.06589999999999999,0.001,1.10769485210251e-09,-1.34944386579954e-08
86,0.06599999999999999,0.001,1.12199733752177e-09,-1.34944386579954e-08
86.09999999999999,0.06609999999999998,0.001,1.136282152177987e-09,-1.34944386579954e-08
86.2,0.06619999999999998,0.001,1.150549325426277e-09,-1.34944386579954e-08
86.3,0.06629999999999998,0.001,1.164798886608655e-09,-1.34944386579954e-08
86.40000000000001,0.06639999999999999,0.001,1.179030865053913e-09,-1.34944386579954e-08
86.5,0.06649999999999999,0.001,1.193245290077489e-09,-1.34944386579954e-08
86.59999999999999,0.06659999999999998,0.001,1.207442190981337e-09,-1.34944386579954e-08
86.7,0.06669999999999998,0.001,1.221621597053806e-09,-1.34944386579954e-08
86.8,0.06679999999999998,0.001,1.235783537569505e-09,-1.34944386579954e-08
86.90000000000001,0.06689999999999999,0.001,1.249928041789174e-09,-1.34944386579954e-08
87,0.06699999999999999,0.001,1.264055138959569e-09,-1.34944386579954e-08
87.09999999999999,0.06709999999999998,0.001,1.27816485831332e-09,-1.34944386579954e-08
87.2,0.06719999999999998,0.001,1.292257229068824e-09,-1.34944386579954e-08
87.3,0.06729999999999998,0.001,1.306332280430102e-09,-1.34944386579954e-08
87.40000000000001,0.06739999999999999,0.001,1.320390041586684e-09,-1.34944386579954e-08
87.5,0.06749999999999999,0.001,1.334430541713482e-09,-1.34944386579954e-08
87.59999999999999,0.06759999999999998,0.001,1.348453809970666e-09,-1.34944386579954e-08
87.7,0.06769999999999998,0.001,1.362459875503546e-09,-1.34944386579954e-08
87.8,0.06779999999999999,0.001,1.376448767442437e-09,-1.34944386579954e-08
87.90000000000001,0.06789999999999999,0.001,1.390420514902548e-09,-1.34944386579954e-08
88,0.06799999999999999,0.001,1.404375146983853e-09,-1.34944386579954e-08
88.09999999999999,0.06809999999999998,0.001,1.418312692770972e-09,-1.34944386579954e-08
88.2,0.06819999999999998,0.001,1.432233181333054e-09,-1.34944386579954e-08
88.3,0.06829999999999999,0.001,1.446136641723649e-09,-1.34944386579954e-08
88.40000000000001,0.06839999999999999,0.001,1.460023102980588e-09,-1.34944386579954e-08
88.5,0.06849999999999999,0.001,1.473892594125871e-09,-1.34944386579954e-08
88.59999999999999,0.06859999999999998,0.001,1.487745144165538e-09,-1.34944386579954e-08
88.7,0.06869999999999998,0.001,1.501580782089561e-09,-1.34944386579954e-08
88.8,0.06879999999999999,0.001,1.515399536871713e-09,-1.34944386579954e-08
88.90000000000001,0.06889999999999999,0.001,1.52920143746946e-09,-1.34944386579954e-08
89,0.06899999999999998,0.001,1.542986512823837e-09,-1.34944386579954e-08
89.09999999999999,0.06909999999999998,0.001,1.556754791859339e-09,-1.34944386579954e-08
89.2,0.06919999999999998,0.001,1.570506303483795e-09,-1.34944386579954e-08
89.3,0.06929999999999999,0.001,1.584241076588257e-09,-1.34944386579954e-08
89.40000000000001,0.06939999999999999,0.001,1.597959140046883e-09,-1.34944386579954e-08
89.5,0.06949999999999999,0.001,1.611660522716824e-09,-1.34944386579954e-08
89.59999999999999,0.06959999999999998,0.001,1.625345253438104e-09,-1.34944386579954e-08
89.7,0.06969999999999998,0.001,1.639013361033514e-09,-1.34944386579954e-08
89.8,0.06979999999999999,0.001,1.652664874308492e-09,-1.34944386579954e-08
89.90000000000001,0.06989999999999999,0.001,1.666299822051008e-09,-1.34944386579954e-08
90,0.06999999999999998,0.001,1.679918233031455e-09,-1.34944386579954e-08
90.09999999999999,0.07009999999999998,0.001,1.693520136002539e-09,-1.34944386579954e-08
90.2,0.07019999999999998,0.001,1.70710555969916e-09,-1.34944386579954e-08
90.3,0.07029999999999999,0.001,1.720674532838305e-09,-1.34944386579954e-08
90.40000000000001,0.07039999999999999,0.001,1.734227084118935e-09,-1.34944386579954e-08
90.5,0.07049999999999998,0.001,1.747763242221873e-09,-1.34944386579954e-08
90.59999999999999,0.07059999999999998,0.001,1.761283035809705e-09,-1.34944386579954e-08
90.7,0.07069999999999999,0.001,1.774786493526653e-09,-1.34944386579954e-08
90.8,0.07079999999999999,0.001,1.788273643998475e-09,-1.34944386579954e-08
90.90000000000001,0.07089999999999999,0.001,1.801744515832356e-09,-1.34944386579954e-08
91,0.07099999999999998,0.001,1.8151991376168e-09,-1.34944386579954e-08
91.09999999999999,0.07109999999999998,0.001,1.828637537921522e-09,-1.34944386579954e-08
91.2,0.07119999999999999,0.001,1.842059745297336e-09,-1.34944386579954e-08
91.3,0.07129999999999999,0.001,1.855465788276052e-09,-1.34944386579954e-08
91.40000000000001,0.07139999999999999,0.001,1.868855695370373e-09,-1.34944386579954e-08
91.5,0.07149999999999998,0.001,1.882229495073779e-09,-1.34944386579954e-08
91.59999999999999,0.07159999999999998,0.001,1.895587215860432e-09,-1.34944386579954e-08
91.7,0.07169999999999999,0.001,1.908928886185066e-09,-1.34944386579954e-08
91.8,0.07179999999999999,0.001,1.922254534482877e-09,-1.34944386579954e-08
91.90000000000001,0.07189999999999999,0.001,1.935564189169431e-09,-1.34944386579954e-08
92,0.07199999999999998,0.001,1.948857878640548e-09,-1.34944386579954e-08
92.09999999999999,0.07209999999999998,0.001,1.962135631272209e-09,-1.34944386579954e-08
92.2,0.07219999999999999,0.001,1.975397475420444e-09,-1.34944386579954e-08
92.3,0.07229999999999999,0.001,1.988643439421236e-09,-1.34944386579954e-08
92.40000000000001,0.07239999999999999,0.001,2.001873551590415e-09,-1.34944386579954e-08
92.5,0.07249999999999998,0.001,2.015087840223559e-09,-1.34944386579954e-08
92.59999999999999,0.07259999999999998,0.001,2.028286333595895e-09,-1.34944386579954e-08
92.7,0.07269999999999999,0.001,2.041469059962191e-09,-1.34944386579954e-08
92.8,0.07279999999999999,0.001,2.054636047556663e-09,-1.34944386579954e-08
92.90000000000001,0.07289999999999999,0.001,2.067787324592873e-09,-1.34944386579954e-08
93,0.07299999999999998,0.001,2.080922919263626e-09,-1.34944386579954e-08
93.09999999999999,0.07309999999999998,0.001,2.09404285974088e-09,-1.34944386579954e-08
93.2,0.07319999999999999,0.001,2.107147174175641e-09,-1.34944386579954e-08
93.3,0.07329999999999998,0.001,2.120235890697861e-09,-1.34944386579954e-08
93.40000000000001,0.07339999999999999,0.001,2.133309037416357e-09,-1.34944386579954e-08
93.5,0.07349999999999998,0.001,2.146366642418689e-09,-1.34944386579954e-08
93.59999999999999,0.07359999999999998,0.001,2.159408733771091e-09,-1.34944386579954e-08
93.7,0.07369999999999999,0.001,2.172435339518355e-09,-1.34944386579954e-08
93.8,0.07379999999999998,0.001,2.18544648768374e-09,-1.34944386579954e-08
93.90000000000001,0.07389999999999999,0.001,2.198442206268885e-09,-1.34944386579954e-08
94,0.07399999999999998,0.001,2.2114225232537e-09,-1.34944386579954e-08
94.09999999999999,0.07409999999999999,0.001,2.224387466596289e-09,-1.34944386579954e-08
94.2,0.07419999999999999,0.001,2.237337064232841e-09,-1.34944386579954e-08
94.3,0.07429999999999998,0.001,2.250271344077541e-09,-1.34944386579954e-08
94.40000000000001,0.07439999999999999,0.001,2.263190334022487e-09,-1.34944386579954e-08
94.5,0.07449999999999998,0.001,2.27609406193758e-09,-1.34944386579954e-08
94.59999999999999,0.07459999999999997,0.001,2.288982555670446e-09,-1.34944386579954e-08
94.7,0.07469999999999999,0.001,2.301855843046344e-09,-1.34944386579954e-08
94.8,0.07479999999999998,0.001,2.314713951868059e-09,-1.34944386579954e-08
94.90000000000001,0.07489999999999999,0.001,2.327556909915836e-09,-1.34944386579954e-08
95,0.07499999999999998,0.001,2.340384744947266e-09,-1.34944386579954e-08
95.09999999999999,0.07509999999999997,0.001,2.353197484697213e-09,-1.34944386579954e-08
95.2,0.07519999999999999,0.001,2.365995156877721e-09,-1.34944386579954e-08
95.3,0.07529999999999998,0.001,2.378777789177913e-09,-1.34944386579954e-08
95.40000000000001,0.07539999999999999,0.001,2.391545409263927e-09,-1.34944386579954e-08
95.5,0.07549999999999998,0.001,2.404298044778797e-09,-1.34944386579954e-08
95.59999999999999,0.07559999999999997,0.001,2.417035723342396e-09,-1.34944386579954e-08
95.7,0.07569999999999999,0.001,2.42975847255133e-09,-1.34944386579954e-08
95.8,0.07579999999999998,0.001,2.442466319978852e-09,-1.34944386579954e-08
95.90000000000001,0.0759,0.001,2.45515929317479e-09,-1.34944386579954e-08
96,0.07599999999999998,0.001,2.467837419665436e-09,-1.34944386579954e-08
96.09999999999999,0.07609999999999997,0.001,2.480500726953493e-09,-1.34944386579954e-08
96.2,0.07619999999999999,0.001,2.493149242517967e-09,-1.34944386579954e-08
96.3,0.07629999999999998,0.001,2.505782993814082e-09,-1.34944386579954e-08
96.40000000000001,0.0764,0.001,2.518402008273213e-09,-1.34944386579954e-08
96.5,0.07649999999999998,0.001,2.531006313302785e-09,-1.34944386579954e-08
96.59999999999999,0.07659999999999997,0.001,2.543595936286202e-09,-1.34944386579954e-08
96.7,0.07669999999999999,0.001,2.556170904582762e-09,-1.34944386579954e-08
96.8,0.07679999999999998,0.001,2.568731245527563e-09,-1.34944386579954e-08
96.90000000000001,0.0769,0.001,2.581276986431441e-09,-1.34944386579954e-08
97,0.07699999999999999,0.001,2.59380815458087e-09,-1.34944386579954e-08
97.09999999999999,0.07709999999999997,0.001,2.606324777237897e-09,-1.34944386579954e-08
97.2,0.07719999999999999,0.001,2.618826881640055e-09,-1.34944386579954e-08
97.3,0.07729999999999998,0.001,2.63131449500027e-09,-1.34944386579954e-08
97.40000000000001,0.0774,0.001,2.643787644506812e-09,-1.34944386579954e-08
97.5,0.07749999999999999,0.001,2.656246357323177e-09,-1.34944386579954e-08
97.59999999999999,0.07759999999999997,0.001,2.668690660588049e-09,-1.34944386579954e-08
97.7,0.07769999999999999,0.001,2.681120581415191e-09,-1.34944386579954e-08
97.8,0.07779999999999998,0.001,2.693536146893375e-09,-1.34944386579954e-08
97.90000000000001,0.0779,0.001,2.70593738408632e-09,-1.34944386579954e-08
98,0.07799999999999999,0.001,2.718324320032586e-09,-1.34944386579954e-08
98.09999999999999,0.07809999999999997,0.001,2.730696981745528e-09,-1.34944386579954e-08
98.2,0.07819999999999999,0.001,2.743055396213206e-09,-1.34944386579954e-08
98.3,0.07829999999999998,0.001,2.755399590398297e-09,-1.34944386579954e-08
98.40000000000001,0.0784,0.001,2.767729591238048e-09,-1.34944386579954e-08
98.5,0.07849999999999999,0.001,2.780045425644171e-09,-1.34944386579954e-08
98.59999999999999,0.07859999999999998,0.001,2.792347120502794e-09,-1.34944386579954e-08
98.7,0.07869999999999999,0.001,2.804634702674377e-09,-1.34944386579954e-08
98.8,0.07879999999999998,0.001,2.816908198993627e-09,-1.34944386579954e-08
98.90000000000001,0.0789,0.001,2.82916763626945e-09,-1.34944386579954e-08
99,0.07899999999999999,0.001,2.841413041284851e-09,-1.34944386579954e-08
99.09999999999999,0.07909999999999998,0.001,2.853644440796886e-09,-1.34944386579954e-08
99.2,0.07919999999999999,0.001,2.86586186153658e-09,-1.34944386579954e-08
99.3,0.07929999999999998,0.001,2.878065330208842e-09,-1.34944386579954e-08
99.40000000000001,0.0794,0.001,2.890254873492425e-09,-1.34944386579954e-08
99.5,0.07949999999999999,0.001,2.902430518039822e-09,-1.34944386579954e-08
99.59999999999999,0.07959999999999998,0.001,2.914592290477222e-09,-1.34944386579954e-08
99.7,0.07969999999999999,0.001,2.926740217404435e-09,-1.34944386579954e-08
99.8,0.07979999999999998,0.001,2.9388743253948e-09,-1.34944386579954e-08
99.90000000000001,0.0799,0.001,2.950994640995156e-09,-1.34944386579954e-08
100,0.07999999999999999,0.001,2.963101190725734e-09,-1.34944386579954e-08
100,0.07999999999999999,0.001,2.963101190725734e-09,-1.34944386579954e-08
